date,ET0,ETc,water_need_m3
2015-01-01,0.4129351891160076,0.3303481512928061,0.00033
2015-01-02,0.6509697211163179,0.5207757768930543,0.00052
2015-01-03,0.7275357454288617,0.5820285963430893,0.00058
2015-01-04,0.4514850768883754,0.3611880615107004,0.00036
2015-01-05,0.4535667233713873,0.3628533786971099,0.00036
2015-01-06,0.6628460388233636,0.5302768310586908,0.00053
2015-01-07,0.5031394826136932,0.4025115860909546,0.0004
2015-01-08,0.7030391512521829,0.5624313210017463,0.00056
2015-01-09,0.5345262728925476,0.4276210183140381,0.00043
2015-01-10,0.36793473365543194,0.29434778692434554,0.00029
2015-01-11,0.2796600902146094,0.22372807217168755,0.00022
2015-01-12,0.4339286359089685,0.34714290872717485,0.00035
2015-01-13,0.39733100241471425,0.3178648019317714,0.00032
2015-01-14,0.7847447429034478,0.6277957943227582,0.00063
2015-01-15,0.7223092066773047,0.5778473653418438,0.00058
2015-01-16,0.7277116482287534,0.5821693185830028,0.00058
2015-01-17,0.9954955498968441,0.7963964399174753,0.0008
2015-01-18,0.9069569421451515,0.7255655537161213,0.00073
2015-01-19,1.2834724033590084,1.0267779226872067,0.00103
2015-01-20,1.325457457608621,1.060365966086897,0.00106
2015-01-21,1.4197332967858258,1.1357866374286607,0.00114
2015-01-22,1.293446966710122,1.0347575733680976,0.00103
2015-01-23,0.9934463683958149,0.794757094716652,0.00079
2015-01-24,1.2031336433810091,0.9625069147048073,0.00096
2015-01-25,0.6621346219917386,0.5297076975933909,0.00053
2015-01-26,0.9736115013521045,0.7788892010816837,0.00078
2015-01-27,0.8975103074941694,0.7180082459953355,0.00072
2015-01-28,0.7347472978844679,0.5877978383075744,0.00059
2015-01-29,0.5252748950509708,0.4202199160407767,0.00042
2015-01-30,0.8550513890509924,0.684041111240794,0.00068
2015-01-31,1.0525102339614592,0.8420081871691674,0.00084
2015-02-01,2.6396079260389524,2.111686340831162,0.00211
2015-02-02,3.745433064188383,2.9963464513507065,0.003
2015-02-03,0.52601859695188,0.42081487756150404,0.00042
2015-02-04,0.8883111252858219,0.7106489002286576,0.00071
2015-02-05,2.1673743338761637,1.7338994671009311,0.00173
2015-02-06,1.5659485928942807,1.2527588743154245,0.00125
2015-02-07,1.4992387675860226,1.1993910140688182,0.0012
2015-02-08,0.5742321933956931,0.4593857547165545,0.00046
2015-02-09,0.8404581775668957,0.6723665420535165,0.00067
2015-02-10,0.4422463081395351,0.3537970465116281,0.00035
2015-02-11,0.6383837802567505,0.5107070242054004,0.00051
2015-02-12,0.8309622254270764,0.6647697803416612,0.00066
2015-02-13,1.1527537905029717,0.9222030324023773,0.00092
2015-02-14,0.7324145757469314,0.5859316605975451,0.00059
2015-02-15,0.9161664367182266,0.7329331493745813,0.00073
2015-02-16,0.5752020452708655,0.4601616362166924,0.00046
2015-02-17,0.8070848456026942,0.6456678764821554,0.00065
2015-02-18,1.1228473471576708,0.8982778777261367,0.0009
2015-02-19,1.0911717982411406,0.8729374385929125,0.00087
2015-02-20,1.1702697577641676,0.9362158062113342,0.00094
2015-02-21,1.458447099838986,1.166757679871189,0.00117
2015-02-22,1.8712039047861013,1.4969631238288812,0.0015
2015-02-23,1.1070170316064287,0.885613625285143,0.00089
2015-02-24,0.5541630737508264,0.44333045900066115,0.00044
2015-02-25,0.6075593322638887,0.48604746581111097,0.00049
2015-02-26,1.2121773098726256,0.9697418478981006,0.00097
2015-02-27,1.415222259977559,1.1321778079820473,0.00113
2015-02-28,1.479496231433191,1.1835969851465529,0.00118
2015-03-01,1.0690729979427527,0.8552583983542021,0.00086
2015-03-02,1.1301736106461788,0.9041388885169431,0.0009
2015-03-03,1.1686403322983345,0.9349122658386677,0.00093
2015-03-04,0.9363027231721965,0.7490421785377572,0.00075
2015-03-05,2.2889334900990423,1.831146792079234,0.00183
2015-03-06,2.1888131817044183,1.7510505453635348,0.00175
2015-03-07,2.20586530711193,1.764692245689544,0.00176
2015-03-08,1.88885842929966,1.5110867434397282,0.00151
2015-03-09,2.0732299686378917,1.6585839749103135,0.00166
2015-03-10,2.46937228162273,1.975497825298184,0.00198
2015-03-11,1.4122975696750277,1.1298380557400223,0.00113
2015-03-12,0.5342449640462896,0.4273959712370317,0.00043
2015-03-13,0.9270470370687653,0.7416376296550123,0.00074
2015-03-14,0.9687443902381395,0.7749955121905117,0.00077
2015-03-15,1.0526813628990512,0.842145090319241,0.00084
2015-03-16,0.9999858227722458,0.7999886582177966,0.0008
2015-03-17,1.9644576591824028,1.5715661273459223,0.00157
2015-03-18,1.78631567876068,1.4290525430085441,0.00143
2015-03-19,1.1772168878187097,0.9417735102549678,0.00094
2015-03-20,1.3360864727293673,1.0688691781834938,0.00107
2015-03-21,1.448413828581752,1.1587310628654017,0.00116
2015-03-22,1.193748829097853,0.9549990632782825,0.00095
2015-03-23,1.8240486307203383,1.4592389045762708,0.00146
2015-03-24,1.5230479477626755,1.2184383582101406,0.00122
2015-03-25,2.071494039193317,1.6571952313546536,0.00166
2015-03-26,2.8032807089201763,2.2426245671361413,0.00224
2015-03-27,1.3941212527150573,1.1152970021720459,0.00112
2015-03-28,0.6911678045055528,0.5529342436044423,0.00055
2015-03-29,1.9722123515139212,1.577769881211137,0.00158
2015-03-30,0.8781532479768742,0.7025225983814994,0.0007
2015-03-31,1.2017758056529626,0.9614206445223701,0.00096
2015-04-01,1.2559973442156949,1.004797875372556,0.001
2015-04-02,1.9810066450445338,1.5848053160356272,0.00158
2015-04-03,2.3371774011739195,1.8697419209391357,0.00187
2015-04-04,1.8156688923820588,1.452535113905647,0.00145
2015-04-05,2.709839869698543,2.1678718957588345,0.00217
2015-04-06,3.4253902235243494,2.7403121788194795,0.00274
2015-04-07,1.8950496154722545,1.5160396923778037,0.00152
2015-04-08,1.6858789114034445,1.3487031291227556,0.00135
2015-04-09,0.7795425378600491,0.6236340302880393,0.00062
2015-04-10,0.7592609141635838,0.607408731330867,0.00061
2015-04-11,1.992317372401031,1.593853897920825,0.00159
2015-04-12,2.191308037662707,1.7530464301301656,0.00175
2015-04-13,2.725618955662927,2.1804951645303414,0.00218
2015-04-14,3.6159254469122133,2.892740357529771,0.00289
2015-04-15,2.3780688955024143,1.9024551164019314,0.0019
2015-04-16,2.3018642302178742,1.8414913841742995,0.00184
2015-04-17,4.5078279760422975,3.6062623808338383,0.00361
2015-04-18,3.591492999549277,2.873194399639422,0.00287
2015-04-19,3.6128868398730027,2.8903094718984024,0.00289
2015-04-20,1.8956548445501387,1.516523875640111,0.00152
2015-04-21,2.7307335619175794,2.1845868495340635,0.00218
2015-04-22,2.2348998698478333,1.7879198958782667,0.00179
2015-04-23,2.02455780521082,1.619646244168656,0.00162
2015-04-24,3.0067079647946477,2.4053663718357186,0.00241
2015-04-25,4.149494570382328,3.3195956563058626,0.00332
2015-04-26,3.877748388165762,3.10219871053261,0.0031
2015-04-27,3.199020137244322,2.5592161097954578,0.00256
2015-04-28,4.789390305725899,3.8315122445807193,0.00383
2015-04-29,6.004870358959542,4.803896287167634,0.0048
2015-04-30,3.5956553281648986,2.876524262531919,0.00288
2015-05-01,2.3191026389791984,1.8552821111833588,0.00186
2015-05-02,2.844141820484254,2.275313456387403,0.00228
2015-05-03,2.4190471408087495,1.9352377126469997,0.00194
2015-05-04,3.1515615422889485,2.521249233831159,0.00252
2015-05-05,4.035845127317898,3.2286761018543184,0.00323
2015-05-06,4.671526462477518,3.737221169982014,0.00374
2015-05-07,5.614107860310836,4.491286288248669,0.00449
2015-05-08,1.6499400376291842,1.3199520301033474,0.00132
2015-05-09,3.0159556568972037,2.412764525517763,0.00241
2015-05-10,3.286283902193434,2.6290271217547474,0.00263
2015-05-11,3.020396394095428,2.4163171152763425,0.00242
2015-05-12,2.9746466475895,2.3797173180716,0.00238
2015-05-13,2.6292662030171177,2.103412962413694,0.0021
2015-05-14,4.625571800680773,3.7004574405446187,0.0037
2015-05-15,8.151480929478065,6.521184743582452,0.00652
2015-05-16,9.078513824890772,7.262811059912618,0.00726
2015-05-17,7.435590979203118,5.948472783362495,0.00595
2015-05-18,5.2652397028576,4.21219176228608,0.00421
2015-05-19,4.785021549170312,3.82801723933625,0.00383
2015-05-20,6.545558830144323,5.236447064115459,0.00524
2015-05-21,6.726173921929823,5.380939137543859,0.00538
2015-05-22,4.189486656571135,3.3515893252569082,0.00335
2015-05-23,4.78918901924038,3.8313512153923046,0.00383
2015-05-24,6.939455644026874,5.5515645152215,0.00555
2015-05-25,5.701978632901255,4.5615829063210045,0.00456
2015-05-26,5.454868714448314,4.3638949715586515,0.00436
2015-05-27,2.5179562297519746,2.01436498380158,0.00201
2015-05-28,2.4244934406978746,1.9395947525582997,0.00194
2015-05-29,2.064079796951885,1.651263837561508,0.00165
2015-05-30,1.43717301621374,1.149738412970992,0.00115
2015-05-31,3.314167165267205,2.6513337322137644,0.00265
2015-06-01,2.837467456235247,2.2699739649881976,0.00227
2015-06-02,4.634254134106411,3.7074033072851287,0.00371
2015-06-03,2.8499071661022484,2.279925732881799,0.00228
2015-06-04,1.1913995514237186,0.9531196411389748,0.00095
2015-06-05,2.114367711604104,1.6914941692832834,0.00169
2015-06-06,2.0526305390575286,1.642104431246023,0.00164
2015-06-07,3.5790760690577463,2.8632608552461973,0.00286
2015-06-08,3.662827506634457,2.930262005307566,0.00293
2015-06-09,3.7557514382643746,3.0046011506115,0.003
2015-06-10,2.8281926833366744,2.2625541466693395,0.00226
2015-06-11,3.2116809271563906,2.5693447417251125,0.00257
2015-06-12,2.7299647117842047,2.1839717694273637,0.00218
2015-06-13,3.3068122468356447,2.645449797468516,0.00265
2015-06-14,3.1058610533525908,2.484688842682073,0.00248
2015-06-15,2.9036698924381286,2.322935913950503,0.00232
2015-06-16,4.896022085784114,3.9168176686272917,0.00392
2015-06-17,3.218985422655991,2.575188338124793,0.00258
2015-06-18,4.247298021077825,3.39783841686226,0.0034
2015-06-19,3.388619021033367,2.7108952168266938,0.00271
2015-06-20,3.5367698416823212,2.829415873345857,0.00283
2015-06-21,4.038284946107779,3.2306279568862233,0.00323
2015-06-22,5.365536316848341,4.292429053478673,0.00429
2015-06-23,3.732943602476447,2.986354881981158,0.00299
2015-06-24,3.087694205277804,2.4701553642222436,0.00247
2015-06-25,3.549145917415792,2.839316733932634,0.00284
2015-06-26,4.306836393977845,3.445469115182276,0.00345
2015-06-27,3.8376331815749567,3.0701065452599656,0.00307
2015-06-28,2.660357171613584,2.1282857372908675,0.00213
2015-06-29,3.270930666298387,2.61674453303871,0.00262
2015-06-30,4.229869006101723,3.3838952048813784,0.00338
2015-07-01,4.048118008351731,3.238494406681385,0.00324
2015-07-02,3.9934777643288513,3.1947822114630813,0.00319
2015-07-03,3.5777468488120734,2.8621974790496587,0.00286
2015-07-04,3.716669649320942,2.973335719456754,0.00297
2015-07-05,4.876875510251615,3.9015004082012923,0.0039
2015-07-06,3.6466775632835464,2.9173420506268375,0.00292
2015-07-07,3.901992505389088,3.1215940043112704,0.00312
2015-07-08,5.282129259927132,4.2257034079417055,0.00423
2015-07-09,6.606422200616565,5.285137760493253,0.00529
2015-07-10,5.757076003007722,4.605660802406177,0.00461
2015-07-11,3.1685839424057396,2.534867153924592,0.00253
2015-07-12,4.99235699969516,3.993885599756128,0.00399
2015-07-13,5.494765447149659,4.395812357719727,0.0044
2015-07-14,6.1784409282215,4.9427527425772,0.00494
2015-07-15,4.64987728409633,3.719901827277064,0.00372
2015-07-16,4.237058553541106,3.3896468428328848,0.00339
2015-07-17,5.088082630653791,4.0704661045230335,0.00407
2015-07-18,5.727749419067877,4.5821995352543015,0.00458
2015-07-19,7.0978786614576865,5.67830292916615,0.00568
2015-07-20,5.956261884280308,4.765009507424247,0.00477
2015-07-21,6.447076181944578,5.157660945555662,0.00516
2015-07-22,6.722898214753173,5.378318571802539,0.00538
2015-07-23,5.4930923005842605,4.394473840467408,0.00439
2015-07-24,7.027526200390484,5.622020960312387,0.00562
2015-07-25,8.097182603576163,6.477746082860931,0.00648
2015-07-26,7.570199337755851,6.0561594702046815,0.00606
2015-07-27,8.80553064806165,7.04442451844932,0.00704
2015-07-28,9.191107294327576,7.352885835462061,0.00735
2015-07-29,8.48399100234035,6.78719280187228,0.00679
2015-07-30,9.591203549250226,7.672962839400181,0.00767
2015-07-31,9.931901197707559,7.945520958166047,0.00795
2015-08-01,4.537920739810106,3.630336591848085,0.00363
2015-08-02,5.4714432903429095,4.377154632274328,0.00438
2015-08-03,6.252523682784796,5.002018946227837,0.005
2015-08-04,4.950323020855158,3.9602584166841264,0.00396
2015-08-05,5.538429074998117,4.4307432599984935,0.00443
2015-08-06,4.279559457360833,3.4236475658886665,0.00342
2015-08-07,4.01883009760267,3.2150640780821362,0.00322
2015-08-08,6.777214389209633,5.421771511367707,0.00542
2015-08-09,7.421842719447304,5.937474175557844,0.00594
2015-08-10,7.049286413047746,5.639429130438197,0.00564
2015-08-11,5.714144166413799,4.571315333131039,0.00457
2015-08-12,5.466270757110404,4.373016605688323,0.00437
2015-08-13,6.190383910299368,4.952307128239495,0.00495
2015-08-14,7.32781232990849,5.862249863926792,0.00586
2015-08-15,6.241640123880095,4.9933120991040765,0.00499
2015-08-16,8.22298492794156,6.578387942353249,0.00658
2015-08-17,6.4368307109648315,5.149464568771865,0.00515
2015-08-18,8.437176026568107,6.749740821254486,0.00675
2015-08-19,6.085873253897182,4.868698603117746,0.00487
2015-08-20,6.1253325513099135,4.9002660410479315,0.0049
2015-08-21,5.72434523480522,4.579476187844176,0.00458
2015-08-22,5.562449733405788,4.44995978672463,0.00445
2015-08-23,4.522198504646042,3.617758803716834,0.00362
2015-08-24,4.340639079744692,3.472511263795754,0.00347
2015-08-25,3.6060728710535463,2.8848582968428373,0.00288
2015-08-26,6.424309855824962,5.13944788465997,0.00514
2015-08-27,5.82625338274297,4.661002706194377,0.00466
2015-08-28,6.787964950865206,5.430371960692165,0.00543
2015-08-29,7.465274850913168,5.972219880730535,0.00597
2015-08-30,5.052772501469985,4.042218001175988,0.00404
2015-08-31,8.211930199555134,6.569544159644107,0.00657
2015-09-01,8.54472828585352,6.835782628682816,0.00684
2015-09-02,9.115926767446615,7.292741413957292,0.00729
2015-09-03,12.047618756271172,9.638095005016938,0.00964
2015-09-04,8.626905582420644,6.901524465936515,0.0069
2015-09-05,8.77933718500259,7.023469748002071,0.00702
2015-09-06,9.864678710302,7.8917429682416005,0.00789
2015-09-07,14.159959911102641,11.327967928882114,0.01133
2015-09-08,4.56255445858201,3.6500435668656084,0.00365
2015-09-09,4.831904174726755,3.865523339781404,0.00387
2015-09-10,5.529837854161586,4.4238702833292685,0.00442
2015-09-11,7.051333867902239,5.641067094321791,0.00564
2015-09-12,6.6060634145444626,5.28485073163557,0.00528
2015-09-13,3.417001447012491,2.733601157609993,0.00273
2015-09-14,3.7772824941741963,3.0218259953393574,0.00302
2015-09-15,4.779854899056094,3.8238839192448753,0.00382
2015-09-16,4.464000894595089,3.5712007156760714,0.00357
2015-09-17,5.068439307038241,4.054751445630592,0.00405
2015-09-18,7.1704742978363525,5.736379438269083,0.00574
2015-09-19,6.34598470118617,5.076787760948936,0.00508
2015-09-20,8.06295799769872,6.450366398158976,0.00645
2015-09-21,5.145022146328887,4.11601771706311,0.00412
2015-09-22,5.918501407196602,4.734801125757282,0.00473
2015-09-23,4.60318708151288,3.6825496652103045,0.00368
2015-09-24,4.355398670828832,3.4843189366630654,0.00348
2015-09-25,7.662021071130344,6.129616856904275,0.00613
2015-09-26,5.218821381121781,4.175057104897426,0.00418
2015-09-27,6.195331189303198,4.956264951442559,0.00496
2015-09-28,6.757535507649074,5.406028406119259,0.00541
2015-09-29,6.086126928409325,4.8689015427274605,0.00487
2015-09-30,1.6313443412452806,1.3050754729962246,0.00131
2015-10-01,2.6312431703305617,2.1049945362644493,0.0021
2015-10-02,2.8293777528978463,2.263502202318277,0.00226
2015-10-03,2.9027082141470095,2.3221665713176076,0.00232
2015-10-04,2.9861801887483708,2.3889441509986966,0.00239
2015-10-05,3.575680463438057,2.860544370750446,0.00286
2015-10-06,2.0779283360546628,1.6623426688437304,0.00166
2015-10-07,1.3287709307824476,1.0630167446259582,0.00106
2015-10-08,2.1851612394457014,1.7481289915565612,0.00175
2015-10-09,2.2470178837624477,1.7976143070099582,0.0018
2015-10-10,2.2721331163822813,1.817706493105825,0.00182
2015-10-11,2.99335996349031,2.394687970792248,0.00239
2015-10-12,3.3367007572958625,2.6693606058366903,0.00267
2015-10-13,2.627399822599153,2.1019198580793224,0.0021
2015-10-14,2.399172246616505,1.9193377972932042,0.00192
2015-10-15,2.457852824699007,1.9662822597592056,0.00197
2015-10-16,2.5874607781270296,2.069968622501624,0.00207
2015-10-17,2.3499338458298342,1.8799470766638675,0.00188
2015-10-18,3.444000093374292,2.7552000746994336,0.00276
2015-10-19,4.786130188073638,3.8289041504589107,0.00383
2015-10-20,4.420341019616384,3.536272815693107,0.00354
2015-10-21,2.025032513233851,1.6200260105870807,0.00162
2015-10-22,1.650630169324665,1.320504135459732,0.00132
2015-10-23,1.3369160938454645,1.0695328750763717,0.00107
2015-10-24,1.5646924867071124,1.25175398936569,0.00125
2015-10-25,1.3808783629671808,1.1047026903737447,0.0011
2015-10-26,1.9005011817054334,1.5204009453643468,0.00152
2015-10-27,2.4425341214464775,1.9540272971571822,0.00195
2015-10-28,1.2767499054537466,1.0213999243629972,0.00102
2015-10-29,1.5130404951325855,1.2104323961060686,0.00121
2015-10-30,1.5831079327233848,1.266486346178708,0.00127
2015-10-31,1.127631231539961,0.9021049852319689,0.0009
2015-11-01,1.676351530239563,1.3410812241916505,0.00134
2015-11-02,2.7098844411567318,2.1679075529253855,0.00217
2015-11-03,3.660805624979409,2.9286444999835273,0.00293
2015-11-04,2.9561731866404277,2.3649385493123423,0.00236
2015-11-05,3.549732784978618,2.839786227982895,0.00284
2015-11-06,3.5945855345436426,2.8756684276349143,0.00288
2015-11-07,2.1677261037734383,1.7341808830187508,0.00173
2015-11-08,1.2304784780422342,0.9843827824337874,0.00098
2015-11-09,1.0720936391228244,0.8576749112982596,0.00086
2015-11-10,0.8520330619435391,0.6816264495548313,0.00068
2015-11-11,0.7606170589879567,0.6084936471903655,0.00061
2015-11-12,0.8607948793371519,0.6886359034697216,0.00069
2015-11-13,1.116788131630641,0.8934305053045128,0.00089
2015-11-14,1.2233916760471244,0.9787133408376996,0.00098
2015-11-15,2.4804111559828512,1.984328924786281,0.00198
2015-11-16,0.97461165818975,0.7796893265518001,0.00078
2015-11-17,1.7275661604011885,1.3820529283209508,0.00138
2015-11-18,2.338826185419262,1.8710609483354095,0.00187
2015-11-19,2.318129151799362,1.8545033214394895,0.00185
2015-11-20,1.2138961911130322,0.9711169528904258,0.00097
2015-11-21,1.9876370047381933,1.5901096037905547,0.00159
2015-11-22,1.527753546920223,1.2222028375361784,0.00122
2015-11-23,2.0880692679391597,1.670455414351328,0.00167
2015-11-24,2.0139771796624606,1.6111817437299685,0.00161
2015-11-25,1.5240637748995483,1.2192510199196387,0.00122
2015-11-26,1.2535678423050112,1.002854273844009,0.001
2015-11-27,1.060973508249981,0.8487788065999848,0.00085
2015-11-28,0.9230312145353273,0.7384249716282619,0.00074
2015-11-29,0.8145070571147383,0.6516056456917907,0.00065
2015-11-30,0.6605807213937216,0.5284645771149773,0.00053
2015-12-01,0.4809436294040291,0.38475490352322333,0.00038
2015-12-02,0.5624629290662719,0.44997034325301755,0.00045
2015-12-03,0.6593744013735814,0.5274995210988651,0.00053
2015-12-04,0.5472899955661388,0.43783199645291104,0.00044
2015-12-05,1.2769144644558814,1.021531571564705,0.00102
2015-12-06,1.8883388724254684,1.5106710979403748,0.00151
2015-12-07,2.0895550297232988,1.6716440237786392,0.00167
2015-12-08,1.823487781530171,1.458790225224137,0.00146
2015-12-09,1.3260423958756316,1.0608339167005052,0.00106
2015-12-10,1.1148570295434987,0.8918856236347991,0.00089
2015-12-11,1.2472819625957627,0.9978255700766102,0.001
2015-12-12,1.2519499142263404,1.0015599313810724,0.001
2015-12-13,1.1674641910918566,0.9339713528734853,0.00093
2015-12-14,0.6895208866675423,0.5516167093340338,0.00055
2015-12-15,0.9177019321414237,0.734161545713139,0.00073
2015-12-16,0.7670931782614284,0.6136745426091428,0.00061
2015-12-17,0.6150200371973344,0.49201602975786757,0.00049
2015-12-18,0.8487430979748953,0.6789944783799163,0.00068
2015-12-19,0.8375131519509604,0.6700105215607683,0.00067
2015-12-20,0.6437759310653868,0.5150207448523094,0.00052
2015-12-21,0.8423910322605785,0.6739128258084629,0.00067
2015-12-22,1.0821451558408832,0.8657161246727066,0.00087
2015-12-23,0.9330777153007943,0.7464621722406355,0.00075
2015-12-24,1.1217589493850364,0.8974071595080292,0.0009
2015-12-25,1.3962542858155589,1.117003428652447,0.00112
2015-12-26,0.9706505699379442,0.7765204559503553,0.00078
2015-12-27,0.7072066421206674,0.5657653136965339,0.00057
2015-12-28,1.2247597596642648,0.9798078077314119,0.00098
2015-12-29,1.0474861422169683,0.8379889137735748,0.00084
2015-12-30,0.6164367543446077,0.49314940347568614,0.00049
2015-12-31,1.503331247041175,1.2026649976329402,0.0012
2016-01-01,1.4045134117628961,1.123610729410317,0.00112
2016-01-02,0.6964451735246899,0.557156138819752,0.00056
2016-01-03,1.495851176909583,1.1966809415276665,0.0012
2016-01-04,0.3834008891327444,0.30672071130619555,0.00031
2016-01-05,0.17002842769554846,0.13602274215643878,0.00014
2016-01-06,0.2750652895175279,0.22005223161402232,0.00022
2016-01-07,0.5510951963454641,0.4408761570763713,0.00044
2016-01-08,0.32444681646669493,0.25955745317335593,0.00026
2016-01-09,0.6665331218845528,0.5332264975076423,0.00053
2016-01-10,1.5162155403739561,1.212972432299165,0.00121
2016-01-11,0.5363652613397745,0.4290922090718196,0.00043
2016-01-12,1.0067780099743786,0.8054224079795029,0.00081
2016-01-13,0.09296784020703665,0.07437427216562932,7e-05
2016-01-14,0.3367466407461253,0.26939731259690025,0.00027
2016-01-15,0.5995841265000953,0.4796673012000763,0.00048
2016-01-16,1.491431123241569,1.1931448985932551,0.00119
2016-01-17,0.754350730322507,0.6034805842580057,0.0006
2016-01-18,0.30830516940385017,0.24664413552308015,0.00025
2016-01-19,0.41401443183248154,0.33121154546598525,0.00033
2016-01-20,1.490250241173259,1.1922001929386072,0.00119
2016-01-21,0.38365233766419693,0.3069218701313576,0.00031
2016-01-22,0.5119439933619887,0.409555194689591,0.00041
2016-01-23,0.39734923714375536,0.3178793897150043,0.00032
2016-01-24,0.8081561805799163,0.6465249444639332,0.00065
2016-01-25,0.6539219332433764,0.5231375465947011,0.00052
2016-01-26,0.42098661269863075,0.33678929015890463,0.00034
2016-01-27,0.5704772486286017,0.4563817989028814,0.00046
2016-01-28,0.6371614761985636,0.5097291809588509,0.00051
2016-01-29,0.7949239490743812,0.6359391592595051,0.00064
2016-01-30,0.7654185228967021,0.6123348183173617,0.00061
2016-01-31,0.5066794228160211,0.4053435382528169,0.00041
2016-02-01,0.6548683451779005,0.5238946761423204,0.00052
2016-02-02,0.6960116615409527,0.5568093292327622,0.00056
2016-02-03,1.6275438459387652,1.3020350767510123,0.0013
2016-02-04,1.5874538060618677,1.2699630448494943,0.00127
2016-02-05,1.4216755934750054,1.1373404747800044,0.00114
2016-02-06,0.2352068220013605,0.1881654576010884,0.00019
2016-02-07,1.8034568710391108,1.4427654968312886,0.00144
2016-02-08,2.0854794498354376,1.6683835598683503,0.00167
2016-02-09,1.9793649112867804,1.5834919290294245,0.00158
2016-02-10,1.6074332464147647,1.2859465971318118,0.00129
2016-02-11,0.506891622684511,0.40551329814760884,0.00041
2016-02-12,0.7454097716574086,0.5963278173259269,0.0006
2016-02-13,0.6489950344096873,0.5191960275277498,0.00052
2016-02-14,1.4661677797292483,1.1729342237833986,0.00117
2016-02-15,1.256272410944311,1.0050179287554488,0.00101
2016-02-16,2.853801595466667,2.2830412763733334,0.00228
2016-02-17,2.739553486319528,2.1916427890556225,0.00219
2016-02-18,2.147654503850372,1.7181236030802975,0.00172
2016-02-19,1.065913354123276,0.8527306832986208,0.00085
2016-02-20,0.528523062430892,0.4228184499447136,0.00042
2016-02-21,0.7740244572825294,0.6192195658260236,0.00062
2016-02-22,2.0551329764097015,1.6441063811277612,0.00164
2016-02-23,2.020425817244876,1.616340653795901,0.00162
2016-02-24,1.9975881801456632,1.5980705441165306,0.0016
2016-02-25,1.0366539407277453,0.8293231525821962,0.00083
2016-02-26,1.2845348201172975,1.027627856093838,0.00103
2016-02-27,2.2299877840299622,1.7839902272239698,0.00178
2016-02-28,1.619404254657004,1.2955234037256034,0.0013
2016-02-29,2.2714899999172684,1.8171919999338149,0.00182
2016-03-01,2.2835483230520945,1.8268386584416758,0.00183
2016-03-02,2.592758546645765,2.0742068373166123,0.00207
2016-03-03,1.1631145049695528,0.9304916039756423,0.00093
2016-03-04,0.9938254880808908,0.7950603904647127,0.0008
2016-03-05,0.5372907128495624,0.42983257027964994,0.00043
2016-03-06,1.404396929004219,1.1235175432033753,0.00112
2016-03-07,2.1826417297088683,1.7461133837670948,0.00175
2016-03-08,2.6483843219765983,2.1187074575812788,0.00212
2016-03-09,2.691765251891801,2.153412201513441,0.00215
2016-03-10,1.783874907207638,1.4270999257661106,0.00143
2016-03-11,2.2431973950761566,1.7945579160609253,0.00179
2016-03-12,3.3892273025200104,2.7113818420160083,0.00271
2016-03-13,3.389607229820881,2.711685783856705,0.00271
2016-03-14,0.6444632782965088,0.5155706226372071,0.00052
2016-03-15,1.4286304341707727,1.1429043473366183,0.00114
2016-03-16,1.448260257454908,1.1586082059639264,0.00116
2016-03-17,1.9328823492155205,1.5463058793724165,0.00155
2016-03-18,2.869699686205014,2.295759748964011,0.0023
2016-03-19,0.48622704415492174,0.3889816353239374,0.00039
2016-03-20,1.1781715959826895,0.9425372767861516,0.00094
2016-03-21,1.6567775047261037,1.325422003780883,0.00133
2016-03-22,2.9980190756090535,2.398415260487243,0.0024
2016-03-23,2.969833458206553,2.3758667665652426,0.00238
2016-03-24,2.708331533759336,2.166665227007469,0.00217
2016-03-25,2.216191212167186,1.7729529697337487,0.00177
2016-03-26,1.2607773359289163,1.008621868743133,0.00101
2016-03-27,1.1838592241802626,0.9470873793442101,0.00095
2016-03-28,1.228454709109459,0.9827637672875673,0.00098
2016-03-29,2.492926564340821,1.9943412514726568,0.00199
2016-03-30,3.7526283911024185,3.002102712881935,0.003
2016-03-31,3.16649295373404,2.533194362987232,0.00253
2016-04-01,4.341884449319199,3.4735075594553595,0.00347
2016-04-02,2.9449526686540843,2.3559621349232676,0.00236
2016-04-03,2.6280032692906357,2.1024026154325086,0.0021
2016-04-04,3.4712002473315056,2.7769601978652045,0.00278
2016-04-05,5.301225460661194,4.240980368528955,0.00424
2016-04-06,4.4516672191664695,3.5613337753331757,0.00356
2016-04-07,5.388551803748052,4.310841442998441,0.00431
2016-04-08,3.8265242832287742,3.0612194265830195,0.00306
2016-04-09,4.255733865253021,3.4045870922024175,0.0034
2016-04-10,2.0826341680718077,1.6661073344574462,0.00167
2016-04-11,3.1885865174797035,2.5508692139837628,0.00255
2016-04-12,1.9378906427863822,1.5503125142291059,0.00155
2016-04-13,2.9947520533536243,2.3958016426828994,0.0024
2016-04-14,2.535182091240077,2.028145672992062,0.00203
2016-04-15,3.6738206272930607,2.9390565018344486,0.00294
2016-04-16,3.9144191085308564,3.1315352868246853,0.00313
2016-04-17,6.507357393132537,5.20588591450603,0.00521
2016-04-18,6.5149780386158085,5.211982430892647,0.00521
2016-04-19,6.842847637610137,5.47427811008811,0.00547
2016-04-20,6.024922289060511,4.819937831248409,0.00482
2016-04-21,2.0716478297278926,1.6573182637823143,0.00166
2016-04-22,4.075542003047447,3.260433602437958,0.00326
2016-04-23,4.214131319615299,3.3713050556922393,0.00337
2016-04-24,4.194083236944457,3.3552665895555656,0.00336
2016-04-25,3.9187682798775385,3.135014623902031,0.00314
2016-04-26,1.8214695143954553,1.4571756115163643,0.00146
2016-04-27,2.2542096443606083,1.8033677154884868,0.0018
2016-04-28,4.635585919948793,3.708468735959035,0.00371
2016-04-29,3.8775752180349174,3.102060174427934,0.0031
2016-04-30,4.039775295831677,3.231820236665342,0.00323
2016-05-01,3.4267728583775283,2.741418286702023,0.00274
2016-05-02,3.525832176238927,2.8206657409911418,0.00282
2016-05-03,2.6749116947402336,2.139929355792187,0.00214
2016-05-04,2.000005271588777,1.6000042172710218,0.0016
2016-05-05,3.298932710149315,2.6391461681194524,0.00264
2016-05-06,2.023917204445151,1.619133763556121,0.00162
2016-05-07,2.8123379449327115,2.2498703559461695,0.00225
2016-05-08,3.0018084101437954,2.4014467281150367,0.0024
2016-05-09,3.4987187335714953,2.7989749868571963,0.0028
2016-05-10,2.540025959471155,2.032020767576924,0.00203
2016-05-11,1.9428906076200696,1.5543124860960558,0.00155
2016-05-12,3.1249562181968633,2.499964974557491,0.0025
2016-05-13,3.4875898978951674,2.790071918316134,0.00279
2016-05-14,4.447486128216654,3.557988902573323,0.00356
2016-05-15,2.6126804602385634,2.0901443681908507,0.00209
2016-05-16,2.461976363816363,1.9695810910530906,0.00197
2016-05-17,4.9966686046082245,3.99733488368658,0.004
2016-05-18,2.1263950858885012,1.7011160687108011,0.0017
2016-05-19,4.043960378218108,3.235168302574486,0.00324
2016-05-20,5.3729028661787535,4.298322292943003,0.0043
2016-05-21,4.418280124737052,3.534624099789642,0.00353
2016-05-22,2.3597000702296116,1.8877600561836894,0.00189
2016-05-23,1.2579983201013623,1.0063986560810898,0.00101
2016-05-24,3.155015406549518,2.5240123252396147,0.00252
2016-05-25,2.914786996621141,2.3318295972969127,0.00233
2016-05-26,4.159488324748745,3.327590659798996,0.00333
2016-05-27,3.1151263640223243,2.49210109121786,0.00249
2016-05-28,2.5820913962948358,2.065673117035869,0.00207
2016-05-29,2.5479018103522373,2.0383214482817897,0.00204
2016-05-30,5.25128974959981,4.201031799679848,0.0042
2016-05-31,6.486390857592516,5.189112686074013,0.00519
2016-06-01,4.707340155809234,3.7658721246473874,0.00377
2016-06-02,3.3285739708905933,2.662859176712475,0.00266
2016-06-03,8.092521917760976,6.474017534208781,0.00647
2016-06-04,3.5575711478797665,2.8460569183038134,0.00285
2016-06-05,6.062645541004422,4.850116432803539,0.00485
2016-06-06,3.9243987335331862,3.139518986826549,0.00314
2016-06-07,3.2103563518045064,2.568285081443605,0.00257
2016-06-08,2.1244301976080004,1.6995441580864004,0.0017
2016-06-09,3.4974659233520407,2.797972738681633,0.0028
2016-06-10,4.038367673840148,3.230694139072119,0.00323
2016-06-11,5.867791459358852,4.694233167487082,0.00469
2016-06-12,5.185223988007692,4.148179190406154,0.00415
2016-06-13,7.991242077512987,6.39299366201039,0.00639
2016-06-14,3.4755603031449147,2.780448242515932,0.00278
2016-06-15,3.607326772470056,2.885861417976045,0.00289
2016-06-16,6.508271961192719,5.206617568954176,0.00521
2016-06-17,6.614849592294887,5.29187967383591,0.00529
2016-06-18,6.61275774183879,5.2902061934710325,0.00529
2016-06-19,8.330879123072734,6.664703298458187,0.00666
2016-06-20,7.1523215133899445,5.721857210711956,0.00572
2016-06-21,7.975321930346744,6.380257544277395,0.00638
2016-06-22,7.369877520527067,5.895902016421654,0.0059
2016-06-23,6.17813978196853,4.942511825574824,0.00494
2016-06-24,5.6894005054997425,4.5515204043997946,0.00455
2016-06-25,6.148962773933853,4.919170219147083,0.00492
2016-06-26,6.837640707516888,5.470112566013511,0.00547
2016-06-27,7.053658094593104,5.642926475674484,0.00564
2016-06-28,3.76011030409139,3.008088243273112,0.00301
2016-06-29,5.021813927031406,4.017451141625125,0.00402
2016-06-30,3.355409485930264,2.6843275887442113,0.00268
2016-07-01,4.394603892570548,3.5156831140564386,0.00352
2016-07-02,5.592126759256049,4.473701407404839,0.00447
2016-07-03,4.110240762954499,3.288192610363599,0.00329
2016-07-04,4.368619808832307,3.4948958470658456,0.00349
2016-07-05,4.777034983280898,3.8216279866247187,0.00382
2016-07-06,4.901562104166404,3.921249683333123,0.00392
2016-07-07,4.637774923865426,3.710219939092341,0.00371
2016-07-08,5.518812451015258,4.4150499608122065,0.00442
2016-07-09,6.422638549273045,5.138110839418436,0.00514
2016-07-10,7.1776463784807065,5.742117102784565,0.00574
2016-07-11,6.410371855114068,5.128297484091255,0.00513
2016-07-12,6.949815234355678,5.559852187484543,0.00556
2016-07-13,8.115355708463929,6.4922845667711435,0.00649
2016-07-14,9.243778288437417,7.395022630749934,0.0074
2016-07-15,10.313640108491565,8.250912086793253,0.00825
2016-07-16,9.627672688403417,7.702138150722734,0.0077
2016-07-17,13.655178581422502,10.924142865138002,0.01092
2016-07-18,11.23198533123129,8.985588264985031,0.00899
2016-07-19,7.059082639766219,5.647266111812975,0.00565
2016-07-20,7.375660685755254,5.900528548604203,0.0059
2016-07-21,4.3095718110352905,3.4476574488282328,0.00345
2016-07-22,6.10873921086972,4.886991368695776,0.00489
2016-07-23,5.994703207244927,4.795762565795942,0.0048
2016-07-24,7.366856535528698,5.893485228422959,0.00589
2016-07-25,6.31583456717146,5.052667653737168,0.00505
2016-07-26,7.295067529320475,5.836054023456381,0.00584
2016-07-27,7.465720968909813,5.972576775127851,0.00597
2016-07-28,8.710558703278956,6.968446962623165,0.00697
2016-07-29,8.214059454426865,6.571247563541492,0.00657
2016-07-30,8.465355075720346,6.772284060576277,0.00677
2016-07-31,8.005244949077865,6.404195959262292,0.0064
2016-08-01,8.9454780301974,7.15638242415792,0.00716
2016-08-02,11.14140333388279,8.913122667106233,0.00891
2016-08-03,10.593472140890833,8.474777712712667,0.00847
2016-08-04,5.192528605518815,4.154022884415052,0.00415
2016-08-05,8.039398796389099,6.431519037111279,0.00643
2016-08-06,8.245840259256493,6.596672207405195,0.0066
2016-08-07,5.347234161157578,4.277787328926062,0.00428
2016-08-08,5.627449801684397,4.501959841347517,0.0045
2016-08-09,7.597824522211252,6.078259617769002,0.00608
2016-08-10,7.722973443892711,6.178378755114169,0.00618
2016-08-11,6.441730812505326,5.153384650004261,0.00515
2016-08-12,7.528029252935292,6.022423402348235,0.00602
2016-08-13,6.392115620094774,5.11369249607582,0.00511
2016-08-14,4.077066626904635,3.261653301523708,0.00326
2016-08-15,6.733638739431694,5.3869109915453555,0.00539
2016-08-16,5.907474992027173,4.725979993621738,0.00473
2016-08-17,6.312282703915415,5.049826163132332,0.00505
2016-08-18,6.011648342913994,4.8093186743311955,0.00481
2016-08-19,7.30904732923368,5.847237863386944,0.00585
2016-08-20,8.660263746571118,6.928210997256895,0.00693
2016-08-21,6.487905013959326,5.190324011167461,0.00519
2016-08-22,6.96027395586447,5.568219164691577,0.00557
2016-08-23,5.638509071661399,4.510807257329119,0.00451
2016-08-24,6.160527800700021,4.9284222405600175,0.00493
2016-08-25,5.264020257652554,4.211216206122043,0.00421
2016-08-26,4.521106686037149,3.6168853488297197,0.00362
2016-08-27,3.9632629417815393,3.1706103534252317,0.00317
2016-08-28,3.3896022182981627,2.71168177463853,0.00271
2016-08-29,4.08974083906007,3.2717926712480563,0.00327
2016-08-30,4.451240731718584,3.5609925853748674,0.00356
2016-08-31,2.7913066394961152,2.2330453115968925,0.00223
2016-09-01,4.254075059880618,3.4032600479044945,0.0034
2016-09-02,4.132527796862179,3.306022237489744,0.00331
2016-09-03,4.971986254241753,3.977589003393403,0.00398
2016-09-04,3.8131110376941932,3.0504888301553548,0.00305
2016-09-05,5.527141110435857,4.421712888348686,0.00442
2016-09-06,8.819574195682119,7.0556593565456955,0.00706
2016-09-07,7.99569308001454,6.396554464011633,0.0064
2016-09-08,7.457526962430529,5.966021569944424,0.00597
2016-09-09,9.111953127896003,7.2895625023168025,0.00729
2016-09-10,5.393833301354681,4.315066641083745,0.00432
2016-09-11,7.9338264298277945,6.347061143862236,0.00635
2016-09-12,6.2487609014357,4.99900872114856,0.005
2016-09-13,5.920572472747478,4.736457978197983,0.00474
2016-09-14,4.969411939337293,3.975529551469835,0.00398
2016-09-15,3.0491642809184607,2.439331424734769,0.00244
2016-09-16,5.038553581849223,4.030842865479379,0.00403
2016-09-17,5.478349623009211,4.382679698407369,0.00438
2016-09-18,7.127746731392403,5.702197385113923,0.0057
2016-09-19,11.478079441003448,9.182463552802758,0.00918
2016-09-20,4.453162603058913,3.5625300824471307,0.00356
2016-09-21,2.3760894644170185,1.9008715715336149,0.0019
2016-09-22,3.058621953596843,2.4468975628774743,0.00245
2016-09-23,2.3229915195470165,1.8583932156376133,0.00186
2016-09-24,3.998298636787443,3.1986389094299543,0.0032
2016-09-25,2.7617688424624554,2.2094150739699643,0.00221
2016-09-26,4.0302173367553635,3.224173869404291,0.00322
2016-09-27,3.0662560219905464,2.4530048175924373,0.00245
2016-09-28,2.1982856234846695,1.7586284987877356,0.00176
2016-09-29,3.10917744382041,2.487341955056328,0.00249
2016-09-30,4.510340077123585,3.608272061698868,0.00361
2016-10-01,3.6421570472863163,2.913725637829053,0.00291
2016-10-02,6.530509271703147,5.224407417362518,0.00522
2016-10-03,6.128557815428752,4.902846252343002,0.0049
2016-10-04,6.396915569514192,5.117532455611354,0.00512
2016-10-05,5.304602274817417,4.243681819853934,0.00424
2016-10-06,2.788094150697336,2.230475320557869,0.00223
2016-10-07,3.539924890272481,2.831939912217985,0.00283
2016-10-08,5.0890828656949525,4.071266292555962,0.00407
2016-10-09,4.026616993654813,3.221293594923851,0.00322
2016-10-10,2.7938635471588698,2.2350908377270957,0.00224
2016-10-11,4.542788782870498,3.6342310262963986,0.00363
2016-10-12,5.874394358871439,4.699515487097151,0.0047
2016-10-13,2.005285776253686,1.6042286210029488,0.0016
2016-10-14,2.089904138849264,1.6719233110794112,0.00167
2016-10-15,2.4465125715879465,1.9572100572703572,0.00196
2016-10-16,3.6668398840225995,2.9334719072180797,0.00293
2016-10-17,3.72852038436637,2.982816307493096,0.00298
2016-10-18,2.924343421212261,2.339474736969809,0.00234
2016-10-19,2.5825573445254086,2.066045875620327,0.00207
2016-10-20,3.9144020539846758,3.1315216431877406,0.00313
2016-10-21,3.009829407548872,2.4078635260390975,0.00241
2016-10-22,3.567250938185322,2.853800750548258,0.00285
2016-10-23,3.992606338810691,3.194085071048553,0.00319
2016-10-24,1.2736716004411113,1.018937280352889,0.00102
2016-10-25,1.8028028623024643,1.4422422898419716,0.00144
2016-10-26,1.9089859280862034,1.5271887424689627,0.00153
2016-10-27,1.7981879068182953,1.4385503254546363,0.00144
2016-10-28,1.5558314161481512,1.244665132918521,0.00124
2016-10-29,1.6341412506751984,1.3073130005401588,0.00131
2016-10-30,0.7746958468261131,0.6197566774608906,0.00062
2016-10-31,0.7621237211643002,0.6096989769314402,0.00061
2016-11-01,1.459042094367438,1.1672336754939505,0.00117
2016-11-02,1.2405716924688706,0.9924573539750965,0.00099
2016-11-03,2.5689847717573495,2.0551878174058795,0.00206
2016-11-04,4.250658890776976,3.4005271126215812,0.0034
2016-11-05,2.4952105017945096,1.9961684014356078,0.002
2016-11-06,1.0881330888966068,0.8705064711172854,0.00087
2016-11-07,2.866337990637428,2.2930703925099425,0.00229
2016-11-08,2.4438416482193097,1.9550733185754479,0.00196
2016-11-09,1.5885216449716135,1.2708173159772909,0.00127
2016-11-10,2.5320469886680543,2.0256375909344437,0.00203
2016-11-11,2.4753801276214293,1.9803041020971435,0.00198
2016-11-12,2.608437191850101,2.0867497534800807,0.00209
2016-11-13,1.2488816351245973,0.9991053080996779,0.001
2016-11-14,0.9271456164045021,0.7417164931236018,0.00074
2016-11-15,0.8051409165294273,0.6441127332235419,0.00064
2016-11-16,1.9929946994503314,1.5943957595602651,0.00159
2016-11-17,1.6744381499323626,1.3395505199458901,0.00134
2016-11-18,1.7555416182320935,1.404433294585675,0.0014
2016-11-19,2.1040365028865424,1.6832292023092341,0.00168
2016-11-20,2.773696435879817,2.2189571487038537,0.00222
2016-11-21,3.392328528827403,2.713862823061923,0.00271
2016-11-22,3.215484101156082,2.572387280924866,0.00257
2016-11-23,3.0105783058158173,2.408462644652654,0.00241
2016-11-24,3.0902178607041404,2.4721742885633127,0.00247
2016-11-25,3.4496841087174372,2.75974728697395,0.00276
2016-11-26,2.6606564082775237,2.128525126622019,0.00213
2016-11-27,2.0620271660487983,1.6496217328390388,0.00165
2016-11-28,0.87653436111773,0.7012274888941841,0.0007
2016-11-29,0.9527985019519091,0.7622388015615273,0.00076
2016-11-30,0.22009620134862276,0.17607696107889823,0.00018
2016-12-01,1.2004344945283258,0.9603475956226607,0.00096
2016-12-02,0.8697559474864943,0.6958047579891955,0.0007
2016-12-03,0.5766666187250821,0.4613332949800657,0.00046
2016-12-04,0.6486461275995541,0.5189169020796432,0.00052
2016-12-05,1.4269311577158188,1.1415449261726551,0.00114
2016-12-06,1.6268743031735198,1.301499442538816,0.0013
2016-12-07,1.135998839586604,0.9087990716692833,0.00091
2016-12-08,1.066361700509755,0.853089360407804,0.00085
2016-12-09,1.605273059829662,1.2842184478637297,0.00128
2016-12-10,2.0155418167734545,1.6124334534187637,0.00161
2016-12-11,1.43742369887007,1.149938959096056,0.00115
2016-12-12,1.1398497037370114,0.9118797629896092,0.00091
2016-12-13,0.17951811115215421,0.14361448892172338,0.00014
2016-12-14,1.3099920024849072,1.047993601987926,0.00105
2016-12-15,1.4912550951020398,1.1930040760816318,0.00119
2016-12-16,1.4638972280230527,1.1711177824184422,0.00117
2016-12-17,1.224010134377546,0.9792081075020369,0.00098
2016-12-18,1.3223533629859345,1.0578826903887477,0.00106
2016-12-19,1.3527023442367578,1.0821618753894062,0.00108
2016-12-20,1.0095543235420097,0.8076434588336078,0.00081
2016-12-21,0.7480702293178709,0.5984561834542967,0.0006
2016-12-22,1.0400105512334825,0.8320084409867861,0.00083
2016-12-23,0.6487292733010158,0.5189834186408127,0.00052
2016-12-24,0.9683458596679163,0.7746766877343331,0.00077
2016-12-25,0.6321509591489405,0.5057207673191524,0.00051
2016-12-26,0.3793191341771894,0.3034553073417515,0.0003
2016-12-27,0.9748518913712864,0.7798815130970291,0.00078
2016-12-28,0.6024842235222829,0.4819873788178264,0.00048
2016-12-29,0.5277097828958459,0.42216782631667676,0.00042
2016-12-30,0.22029041174323974,0.1762323293945918,0.00018
2016-12-31,0.3574363528748036,0.2859490822998429,0.00029
2017-01-01,0.31577250410455143,0.25261800328364115,0.00025
2017-01-02,0.4063305168610676,0.32506441348885406,0.00033
2017-01-03,0.3706449420889116,0.29651595367112926,0.0003
2017-01-04,0.4894390042207287,0.391551203376583,0.00039
2017-01-05,0.718217784112927,0.5745742272903417,0.00057
2017-01-06,1.1447320075182752,0.9157856060146202,0.00092
2017-01-07,0.17022978201463382,0.13618382561170705,0.00014
2017-01-08,0.6369355706081081,0.5095484564864865,0.00051
2017-01-09,0.91320493533658,0.7305639482692641,0.00073
2017-01-10,0.6133277549290946,0.49066220394327575,0.00049
2017-01-11,0.8663117904882678,0.6930494323906142,0.00069
2017-01-12,0.4366732569262189,0.3493386055409751,0.00035
2017-01-13,0.6733179629950354,0.5386543703960284,0.00054
2017-01-14,0.8945933015913653,0.7156746412730923,0.00072
2017-01-15,0.7640323717784943,0.6112258974227954,0.00061
2017-01-16,0.7217248738841809,0.5773798991073448,0.00058
2017-01-17,0.8816318354528868,0.7053054683623095,0.00071
2017-01-18,0.38417927854166534,0.30734342283333227,0.00031
2017-01-19,0.5496647645889964,0.4397318116711971,0.00044
2017-01-20,0.4319618427924215,0.34556947423393725,0.00035
2017-01-21,0.9789804663449819,0.7831843730759855,0.00078
2017-01-22,1.5809733580638285,1.2647786864510628,0.00126
2017-01-23,1.1775021205289382,0.9420016964231506,0.00094
2017-01-24,0.8363950277957246,0.6691160222365797,0.00067
2017-01-25,0.7032965800782179,0.5626372640625744,0.00056
2017-01-26,1.1681522746858468,0.9345218197486775,0.00093
2017-01-27,1.2340690971032824,0.987255277682626,0.00099
2017-01-28,1.047951102765797,0.8383608822126377,0.00084
2017-01-29,1.2016602741898617,0.9613282193518894,0.00096
2017-01-30,1.0402150832028025,0.8321720665622421,0.00083
2017-01-31,1.114399063526742,0.8915192508213936,0.00089
2017-02-01,1.6337313302903507,1.3069850642322807,0.00131
2017-02-02,1.5065766507627802,1.2052613206102243,0.00121
2017-02-03,2.0867048431184534,1.6693638744947628,0.00167
2017-02-04,1.04550368011299,0.8364029440903921,0.00084
2017-02-05,0.8996769448410286,0.7197415558728228,0.00072
2017-02-06,1.1100596147018824,0.888047691761506,0.00089
2017-02-07,1.1847695056693701,0.9478156045354962,0.00095
2017-02-08,1.1400197571075865,0.9120158056860692,0.00091
2017-02-09,1.5079972238038406,1.2063977790430727,0.00121
2017-02-10,1.1044390102319648,0.8835512081855719,0.00088
2017-02-11,0.5916327176650082,0.4733061741320066,0.00047
2017-02-12,1.4095668803003119,1.1276535042402496,0.00113
2017-02-13,1.46620220100022,1.1729617608001761,0.00117
2017-02-14,1.3217917458087942,1.0574333966470355,0.00106
2017-02-15,1.2589326226583046,1.0071460981266438,0.00101
2017-02-16,1.5359588809661822,1.2287671047729458,0.00123
2017-02-17,1.5103713401896346,1.2082970721517077,0.00121
2017-02-18,2.8656880014785395,2.2925504011828317,0.00229
2017-02-19,2.016179969678603,1.6129439757428825,0.00161
2017-02-20,1.8572570987300077,1.4858056789840062,0.00149
2017-02-21,0.7776428581159261,0.6221142864927409,0.00062
2017-02-22,1.2137851210918902,0.9710280968735122,0.00097
2017-02-23,1.634881440079676,1.307905152063741,0.00131
2017-02-24,2.3984406145718777,1.9187524916575023,0.00192
2017-02-25,2.2812103720984633,1.8249682976787707,0.00182
2017-02-26,1.4354707575928713,1.148376606074297,0.00115
2017-02-27,1.9037828476932621,1.5230262781546098,0.00152
2017-02-28,2.219292710258598,1.7754341682068784,0.00178
2017-03-01,3.3502342467493484,2.6801873973994788,0.00268
2017-03-02,1.7070877748664426,1.365670219893154,0.00137
2017-03-03,1.3043520398985544,1.0434816319188436,0.00104
2017-03-04,1.2949011307652176,1.0359209046121742,0.00104
2017-03-05,2.0833928480687307,1.6667142784549847,0.00167
2017-03-06,2.3962503077013277,1.9170002461610622,0.00192
2017-03-07,3.0539967943653648,2.443197435492292,0.00244
2017-03-08,3.5144570011077128,2.8115656008861705,0.00281
2017-03-09,3.2313502957277613,2.5850802365822094,0.00259
2017-03-10,0.8622395278917011,0.6897916223133609,0.00069
2017-03-11,1.8529166453396266,1.4823333162717014,0.00148
2017-03-12,1.10650880818282,0.885207046546256,0.00089
2017-03-13,1.0042122030052105,0.8033697624041685,0.0008
2017-03-14,0.6049791313275956,0.48398330506207654,0.00048
2017-03-15,1.1155979277031667,0.8924783421625334,0.00089
2017-03-16,1.598679710757185,1.278943768605748,0.00128
2017-03-17,1.3819050952909828,1.1055240762327863,0.00111
2017-03-18,1.5852082246211132,1.2681665796968906,0.00127
2017-03-19,1.800655498485737,1.4405243987885896,0.00144
2017-03-20,1.5184827122202802,1.2147861697762243,0.00121
2017-03-21,1.6595595802338348,1.3276476641870678,0.00133
2017-03-22,3.185063418162202,2.548050734529762,0.00255
2017-03-23,3.026480297235535,2.4211842377884283,0.00242
2017-03-24,3.0282238034946034,2.422579042795683,0.00242
2017-03-25,4.897382963439864,3.9179063707518917,0.00392
2017-03-26,2.9874475321343663,2.389958025707493,0.00239
2017-03-27,1.2852126342258683,1.0281701073806946,0.00103
2017-03-28,2.4160701512375877,1.9328561209900703,0.00193
2017-03-29,4.432396721309346,3.545917377047477,0.00355
2017-03-30,3.804837066535502,3.043869653228402,0.00304
2017-03-31,2.516311920346158,2.0130495362769265,0.00201
2017-04-01,3.4870318212333555,2.7896254569866845,0.00279
2017-04-02,3.0358558496475587,2.4286846797180472,0.00243
2017-04-03,4.414529873324401,3.531623898659521,0.00353
2017-04-04,5.184226981364833,4.147381585091867,0.00415
2017-04-05,9.286976030925805,7.429580824740644,0.00743
2017-04-06,3.2291451928133905,2.5833161542507126,0.00258
2017-04-07,2.434823823904039,1.9478590591232312,0.00195
2017-04-08,0.5506898924707659,0.44055191397661275,0.00044
2017-04-09,2.2315035285875915,1.7852028228700734,0.00179
2017-04-10,1.779007823756372,1.4232062590050978,0.00142
2017-04-11,2.7721721349992547,2.217737707999404,0.00222
2017-04-12,3.65818850379332,2.9265508030346563,0.00293
2017-04-13,1.6848177791221266,1.3478542232977013,0.00135
2017-04-14,1.64403894382508,1.3152311550600642,0.00132
2017-04-15,3.4803731757900134,2.784298540632011,0.00278
2017-04-16,4.01900335755098,3.215202686040784,0.00322
2017-04-17,3.1264682987517074,2.5011746390013663,0.0025
2017-04-18,2.9094096573012114,2.327527725840969,0.00233
2017-04-19,2.3765474218056366,1.9012379374445094,0.0019
2017-04-20,4.4515701091040025,3.561256087283202,0.00356
2017-04-21,0.8402600767544016,0.6722080614035213,0.00067
2017-04-22,1.7489790281835886,1.399183222546871,0.0014
2017-04-23,0.876524833826939,0.7012198670615513,0.0007
2017-04-24,2.1976191787622383,1.7580953430097908,0.00176
2017-04-25,3.584042258172313,2.8672338065378504,0.00287
2017-04-26,4.677431955708954,3.7419455645671635,0.00374
2017-04-27,6.67852057789096,5.3428164623127685,0.00534
2017-04-28,8.252064784352415,6.601651827481932,0.0066
2017-04-29,7.753471935006045,6.202777548004836,0.0062
2017-04-30,8.381766945830549,6.705413556664439,0.00671
2017-05-01,7.996278115024752,6.3970224920198016,0.0064
2017-05-02,4.450780357503928,3.5606242860031423,0.00356
2017-05-03,5.8995157979873785,4.719612638389903,0.00472
2017-05-04,5.0451059394312,4.03608475154496,0.00404
2017-05-05,5.816177419338358,4.652941935470687,0.00465
2017-05-06,2.5958313746579247,2.07666509972634,0.00208
2017-05-07,2.4003210832372175,1.9202568665897741,0.00192
2017-05-08,4.778044374343542,3.822435499474834,0.00382
2017-05-09,3.0661483176394166,2.4529186541115333,0.00245
2017-05-10,4.348540237850112,3.4788321902800896,0.00348
2017-05-11,3.094461435602437,2.47556914848195,0.00248
2017-05-12,5.81845586293076,4.654764690344608,0.00465
2017-05-13,8.895734835747822,7.116587868598258,0.00712
2017-05-14,6.152166362405313,4.921733089924251,0.00492
2017-05-15,3.083316293090595,2.466653034472476,0.00247
2017-05-16,2.620489269671062,2.0963914157368495,0.0021
2017-05-17,4.690263653201949,3.7522109225615594,0.00375
2017-05-18,4.650058662422843,3.720046929938275,0.00372
2017-05-19,1.4662428790521431,1.1729943032417145,0.00117
2017-05-20,3.7016283476245313,2.961302678099625,0.00296
2017-05-21,2.9384554375134044,2.350764350010724,0.00235
2017-05-22,2.261275209074687,1.8090201672597495,0.00181
2017-05-23,3.0796270497243365,2.4637016397794693,0.00246
2017-05-24,4.174210516966319,3.3393684135730552,0.00334
2017-05-25,7.002679838161622,5.602143870529298,0.0056
2017-05-26,3.1623735095213834,2.5298988076171067,0.00253
2017-05-27,3.2361399470922896,2.5889119576738318,0.00259
2017-05-28,2.1472303036271705,1.7177842429017365,0.00172
2017-05-29,3.2454310431895657,2.596344834551653,0.0026
2017-05-30,2.7383873541675046,2.1907098833340037,0.00219
2017-05-31,2.481511943433824,1.9852095547470594,0.00199
2017-06-01,3.4442844905655554,2.7554275924524445,0.00276
2017-06-02,3.378370368506004,2.7026962948048032,0.0027
2017-06-03,4.817564739389398,3.854051791511518,0.00385
2017-06-04,3.5592640341203596,2.8474112272962877,0.00285
2017-06-05,3.335596926446208,2.6684775411569666,0.00267
2017-06-06,1.8985591704258884,1.518847336340711,0.00152
2017-06-07,5.427188315407589,4.341750652326072,0.00434
2017-06-08,8.267564311074722,6.614051448859778,0.00661
2017-06-09,3.187886446292935,2.550309157034348,0.00255
2017-06-10,2.406009942663646,1.9248079541309169,0.00192
2017-06-11,2.6289377736655055,2.1031502189324045,0.0021
2017-06-12,3.290314536938584,2.632251629550867,0.00263
2017-06-13,4.892498048631412,3.9139984389051294,0.00391
2017-06-14,3.492170932376273,2.7937367459010183,0.00279
2017-06-15,4.582653193975583,3.6661225551804666,0.00367
2017-06-16,4.256566546382188,3.4052532371057502,0.00341
2017-06-17,5.761265043633894,4.609012034907115,0.00461
2017-06-18,3.955093318189648,3.164074654551719,0.00316
2017-06-19,2.2747470157870486,1.819797612629639,0.00182
2017-06-20,2.051310188999518,1.6410481511996142,0.00164
2017-06-21,3.6534158420387843,2.9227326736310277,0.00292
2017-06-22,4.14494053637249,3.315952429097992,0.00332
2017-06-23,4.681459474209987,3.74516757936799,0.00375
2017-06-24,6.176022604103487,4.94081808328279,0.00494
2017-06-25,5.262312996629105,4.209850397303284,0.00421
2017-06-26,5.771918176563482,4.617534541250786,0.00462
2017-06-27,9.83258882761937,7.866071062095497,0.00787
2017-06-28,5.483350802697414,4.386680642157931,0.00439
2017-06-29,5.6503953968786265,4.5203163175029015,0.00452
2017-06-30,10.668751969558166,8.535001575646533,0.00854
2017-07-01,6.582331934282474,5.26586554742598,0.00527
2017-07-02,11.26035577101803,9.008284616814425,0.00901
2017-07-03,13.001080769552324,10.40086461564186,0.0104
2017-07-04,7.013321378257373,5.610657102605899,0.00561
2017-07-05,6.001071436218041,4.800857148974433,0.0048
2017-07-06,6.921135418619071,5.536908334895257,0.00554
2017-07-07,6.800420212216575,5.440336169773261,0.00544
2017-07-08,5.593890845545243,4.475112676436194,0.00448
2017-07-09,6.790688230529948,5.432550584423959,0.00543
2017-07-10,8.416018954107352,6.732815163285882,0.00673
2017-07-11,10.31038509137975,8.2483080731038,0.00825
2017-07-12,11.93212100522298,9.545696804178384,0.00955
2017-07-13,11.687012794620355,9.349610235696284,0.00935
2017-07-14,12.342884465320676,9.87430757225654,0.00987
2017-07-15,9.865925921153975,7.89274073692318,0.00789
2017-07-16,6.548967199678959,5.239173759743167,0.00524
2017-07-17,8.103129362649808,6.482503490119846,0.00648
2017-07-18,9.369072889382227,7.495258311505783,0.0075
2017-07-19,6.000134925167063,4.800107940133651,0.0048
2017-07-20,5.792273306287868,4.633818645030295,0.00463
2017-07-21,7.84758899516245,6.278071196129961,0.00628
2017-07-22,8.366348214396178,6.693078571516942,0.00669
2017-07-23,5.648319399584544,4.518655519667635,0.00452
2017-07-24,9.653540566103334,7.722832452882668,0.00772
2017-07-25,12.923169915522296,10.338535932417837,0.01034
2017-07-26,13.850568445643713,11.080454756514971,0.01108
2017-07-27,16.65483213443425,13.323865707547402,0.01332
2017-07-28,5.007472423759234,4.005977939007387,0.00401
2017-07-29,7.7691527939705445,6.215322235176436,0.00622
2017-07-30,8.050826310940352,6.440661048752282,0.00644
2017-07-31,8.876935059069961,7.101548047255969,0.0071
2017-08-01,8.658577479460115,6.9268619835680925,0.00693
2017-08-02,9.688417792707734,7.750734234166187,0.00775
2017-08-03,9.063556907796398,7.250845526237119,0.00725
2017-08-04,6.105028228650495,4.884022582920396,0.00488
2017-08-05,4.147524244045935,3.3180193952367483,0.00332
2017-08-06,4.303182339742177,3.442545871793742,0.00344
2017-08-07,6.560617102949873,5.248493682359899,0.00525
2017-08-08,6.553430190936133,5.242744152748907,0.00524
2017-08-09,10.924957946521118,8.739966357216895,0.00874
2017-08-10,11.722404783486445,9.377923826789155,0.00938
2017-08-11,9.067336129329087,7.25386890346327,0.00725
2017-08-12,7.066582449784577,5.653265959827662,0.00565
2017-08-13,7.798733911640507,6.238987129312406,0.00624
2017-08-14,5.741820978473139,4.593456782778511,0.00459
2017-08-15,6.549364693552268,5.239491754841815,0.00524
2017-08-16,6.119243629274335,4.895394903419469,0.0049
2017-08-17,7.546542549929451,6.037234039943561,0.00604
2017-08-18,5.283254560007015,4.226603648005613,0.00423
2017-08-19,5.305913223230827,4.244730578584662,0.00424
2017-08-20,6.651332032982701,5.3210656263861615,0.00532
2017-08-21,6.168236357507069,4.934589086005655,0.00493
2017-08-22,5.087886410503991,4.070309128403193,0.00407
2017-08-23,4.174876017168957,3.339900813735166,0.00334
2017-08-24,5.14651206667988,4.117209653343904,0.00412
2017-08-25,6.2070729802991265,4.965658384239301,0.00497
2017-08-26,5.757619800716289,4.6060958405730315,0.00461
2017-08-27,6.061242663967678,4.848994131174143,0.00485
2017-08-28,4.591125486692912,3.6729003893543295,0.00367
2017-08-29,8.15756790607653,6.526054324861224,0.00653
2017-08-30,6.164509991920131,4.931607993536105,0.00493
2017-08-31,4.220432855047725,3.37634628403818,0.00338
2017-09-01,5.425820167734095,4.3406561341872765,0.00434
2017-09-02,8.514406761438677,6.811525409150942,0.00681
2017-09-03,9.882065467721425,7.905652374177141,0.00791
2017-09-04,12.5419977665365,10.033598213229201,0.01003
2017-09-05,4.112177971058063,3.289742376846451,0.00329
2017-09-06,3.534033811206451,2.827227048965161,0.00283
2017-09-07,5.33954348357111,4.271634786856889,0.00427
2017-09-08,7.786903320333847,6.229522656267078,0.00623
2017-09-09,11.179646442957715,8.943717154366173,0.00894
2017-09-10,13.444462574730155,10.755570059784125,0.01076
2017-09-11,10.287227725911514,8.229782180729211,0.00823
2017-09-12,13.80670293524085,11.04536234819268,0.01105
2017-09-13,10.11665349747482,8.093322797979857,0.00809
2017-09-14,7.362785485308123,5.8902283882464985,0.00589
2017-09-15,9.97879339796037,7.983034718368296,0.00798
2017-09-16,13.420550103770108,10.736440083016086,0.01074
2017-09-17,12.913952782305884,10.331162225844707,0.01033
2017-09-18,13.913804299423921,11.131043439539138,0.01113
2017-09-19,11.713605292851648,9.370884234281318,0.00937
2017-09-20,10.711603084464944,8.569282467571956,0.00857
2017-09-21,14.310198298702941,11.448158638962354,0.01145
2017-09-22,3.5084993554547927,2.806799484363834,0.00281
2017-09-23,4.426099614935273,3.5408796919482186,0.00354
2017-09-24,4.514744528316689,3.611795622653352,0.00361
2017-09-25,5.095118324301772,4.076094659441418,0.00408
2017-09-26,6.465215125622218,5.172172100497775,0.00517
2017-09-27,3.416432553544514,2.7331460428356116,0.00273
2017-09-28,2.038715965798564,1.6309727726388514,0.00163
2017-09-29,4.398868363579529,3.5190946908636236,0.00352
2017-09-30,5.02795501267757,4.022364010142056,0.00402
2017-10-01,2.698087867884239,2.1584702943073912,0.00216
2017-10-02,1.0734835337087731,0.8587868269670186,0.00086
2017-10-03,4.150478915632584,3.320383132506067,0.00332
2017-10-04,4.007692305184867,3.206153844147894,0.00321
2017-10-05,5.257804121663629,4.206243297330903,0.00421
2017-10-06,4.179961267052551,3.3439690136420412,0.00334
2017-10-07,6.8285019603434725,5.462801568274778,0.00546
2017-10-08,1.5197152364382414,1.2157721891505933,0.00122
2017-10-09,1.0429419426252022,0.8343535541001619,0.00083
2017-10-10,2.567390048801623,2.053912039041298,0.00205
2017-10-11,3.0769365056654374,2.46154920453235,0.00246
2017-10-12,2.761154673746382,2.2089237389971057,0.00221
2017-10-13,3.504065141288755,2.803252113031004,0.0028
2017-10-14,2.268909000781338,1.8151272006250705,0.00182
2017-10-15,1.208162765700085,0.9665302125600681,0.00097
2017-10-16,0.9307147502950426,0.7445718002360341,0.00074
2017-10-17,1.7553901893046828,1.4043121514437464,0.0014
2017-10-18,4.609996545989342,3.687997236791474,0.00369
2017-10-19,4.209058767346552,3.367247013877242,0.00337
2017-10-20,5.348152009744253,4.278521607795403,0.00428
2017-10-21,6.813337375033317,5.450669900026654,0.00545
2017-10-22,5.012101044344388,4.0096808354755105,0.00401
2017-10-23,2.869275553687648,2.295420442950119,0.0023
2017-10-24,3.752469842236083,3.001975873788867,0.003
2017-10-25,1.3332508806007455,1.0666007044805965,0.00107
2017-10-26,1.148644058881764,0.9189152471054112,0.00092
2017-10-27,1.5299434872500557,1.2239547898000447,0.00122
2017-10-28,1.9967420544822991,1.5973936435858394,0.0016
2017-10-29,0.6774830600941825,0.541986448075346,0.00054
2017-10-30,1.0868614906575287,0.869489192526023,0.00087
2017-10-31,2.524031457107084,2.0192251656856675,0.00202
2017-11-01,1.3128717742699405,1.0502974194159524,0.00105
2017-11-02,1.7098664346163384,1.3678931476930707,0.00137
2017-11-03,2.1157935354491495,1.6926348283593198,0.00169
2017-11-04,1.9621778434232076,1.569742274738566,0.00157
2017-11-05,0.753258310208004,0.6026066481664033,0.0006
2017-11-06,0.5031881422284057,0.40255051378272455,0.0004
2017-11-07,0.81706205035499,0.6536496402839921,0.00065
2017-11-08,2.290124883509614,1.8320999068076913,0.00183
2017-11-09,1.7542733176319607,1.4034186541055687,0.0014
2017-11-10,1.440053252748052,1.1520426021984418,0.00115
2017-11-11,1.5946276485678565,1.2757021188542854,0.00128
2017-11-12,1.8933586755080483,1.5146869404064387,0.00151
2017-11-13,2.462864169633134,1.9702913357065073,0.00197
2017-11-14,2.837356592098838,2.2698852736790704,0.00227
2017-11-15,2.2621004881882905,1.8096803905506325,0.00181
2017-11-16,2.0079213002817577,1.6063370402254062,0.00161
2017-11-17,1.8953981910647826,1.5163185528518262,0.00152
2017-11-18,1.702399056377523,1.3619192451020186,0.00136
2017-11-19,1.6121390671285334,1.2897112537028268,0.00129
2017-11-20,1.2421328604172848,0.9937062883338279,0.00099
2017-11-21,0.14380727543169683,0.11504582034535747,0.00012
2017-11-22,0.6472172558936634,0.5177738047149307,0.00052
2017-11-23,0.44275899359144205,0.35420719487315366,0.00035
2017-11-24,0.5231066051641697,0.4184852841313358,0.00042
2017-11-25,1.1573067481353625,0.9258453985082901,0.00093
2017-11-26,1.281905851638673,1.0255246813109384,0.00103
2017-11-27,1.1973688350528209,0.9578950680422568,0.00096
2017-11-28,0.9721743984013033,0.7777395187210426,0.00078
2017-11-29,0.8613778201078731,0.6891022560862985,0.00069
2017-11-30,1.5444811432549923,1.235584914603994,0.00124
2017-12-01,1.4017225875323727,1.1213780700258982,0.00112
2017-12-02,1.5788918291344518,1.2631134633075616,0.00126
2017-12-03,1.9467803967251722,1.5574243173801379,0.00156
2017-12-04,2.302048567170758,1.8416388537366064,0.00184
2017-12-05,0.7365862312816529,0.5892689850253223,0.00059
2017-12-06,0.7302192994894819,0.5841754395915856,0.00058
2017-12-07,0.9835279574916416,0.7868223659933133,0.00079
2017-12-08,1.338340321469927,1.0706722571759417,0.00107
2017-12-09,1.582492657786123,1.2659941262288985,0.00127
2017-12-10,0.9283437720430721,0.7426750176344576,0.00074
2017-12-11,1.007048855064767,0.8056390840518136,0.00081
2017-12-12,1.2769871769673549,1.021589741573884,0.00102
2017-12-13,2.0468320992958144,1.6374656794366516,0.00164
2017-12-14,0.8988665282329623,0.7190932225863699,0.00072
2017-12-15,0.8562186406966261,0.6849749125573009,0.00068
2017-12-16,1.270243995983011,1.016195196786409,0.00102
2017-12-17,0.9637787613718256,0.7710230090974606,0.00077
2017-12-18,0.5646651361785052,0.4517321089428042,0.00045
2017-12-19,1.017514692571941,0.8140117540575528,0.00081
2017-12-20,0.6905871390510882,0.5524697112408705,0.00055
2017-12-21,0.9163679149027099,0.7330943319221679,0.00073
2017-12-22,0.45711987262398934,0.3656958980991915,0.00037
2017-12-23,0.4929010745189501,0.3943208596151601,0.00039
2017-12-24,1.2490119196647849,0.9992095357318279,0.001
2017-12-25,1.2416911276598075,0.993352902127846,0.00099
2017-12-26,1.0615474556785176,0.8492379645428141,0.00085
2017-12-27,1.3414869625436538,1.0731895700349232,0.00107
2017-12-28,1.857320162339167,1.4858561298713338,0.00149
2017-12-29,1.368029976564542,1.0944239812516336,0.00109
2017-12-30,1.3459906164330788,1.0767924931464632,0.00108
2017-12-31,0.8146246944750056,0.6516997555800046,0.00065
2018-01-01,0.5486621771861417,0.4389297417489134,0.00044
2018-01-02,1.1889125068551079,0.9511300054840863,0.00095
2018-01-03,1.2828948799318733,1.0263159039454988,0.00103
2018-01-04,0.7466290403242937,0.5973032322594349,0.0006
2018-01-05,0.6657402569577248,0.5325922055661798,0.00053
2018-01-06,0.91058740810885,0.72846992648708,0.00073
2018-01-07,0.8696819571742624,0.69574556573941,0.0007
2018-01-08,1.0355066982866523,0.8284053586293219,0.00083
2018-01-09,0.752625423576221,0.6021003388609768,0.0006
2018-01-10,0.736066013924844,0.5888528111398753,0.00059
2018-01-11,1.0631046237530957,0.8504836990024766,0.00085
2018-01-12,0.7709089255876662,0.616727140470133,0.00062
2018-01-13,0.7069446777415185,0.5655557421932148,0.00057
2018-01-14,0.09854613788346853,0.07883691030677482,8e-05
2018-01-15,1.0376107657029503,0.8300886125623603,0.00083
2018-01-16,0.6567090818246367,0.5253672654597094,0.00053
2018-01-17,1.0605664271597695,0.8484531417278156,0.00085
2018-01-18,0.44557496816078657,0.35645997452862926,0.00036
2018-01-19,1.2275883665143306,0.9820706932114645,0.00098
2018-01-20,1.3913790945341915,1.1131032756273533,0.00111
2018-01-21,1.5441356074414498,1.23530848595316,0.00124
2018-01-22,0.918798607723448,0.7350388861787585,0.00074
2018-01-23,0.2182358349427642,0.17458866795421135,0.00017
2018-01-24,1.6265690275311442,1.3012552220249154,0.0013
2018-01-25,1.8421173611522346,1.4736938889217877,0.00147
2018-01-26,1.0602623694755,0.8482098955804,0.00085
2018-01-27,1.1437700597547764,0.9150160478038212,0.00092
2018-01-28,1.3039221134997783,1.0431376907998227,0.00104
2018-01-29,1.0473515315538477,0.8378812252430783,0.00084
2018-01-30,1.4349203669259114,1.1479362935407291,0.00115
2018-01-31,1.9844102036576676,1.5875281629261342,0.00159
2018-02-01,1.6583906979212386,1.326712558336991,0.00133
2018-02-02,1.595149238938968,1.2761193911511746,0.00128
2018-02-03,1.2736174667806928,1.0188939734245543,0.00102
2018-02-04,1.2705054672738725,1.016404373819098,0.00102
2018-02-05,0.9219877452805985,0.7375901962244789,0.00074
2018-02-06,1.2263690071283955,0.9810952057027165,0.00098
2018-02-07,1.2856621166197868,1.0285296932958294,0.00103
2018-02-08,1.9883639968661253,1.5906911974929003,0.00159
2018-02-09,1.1865086858905798,0.9492069487124639,0.00095
2018-02-10,1.3166506228782955,1.0533204983026365,0.00105
2018-02-11,2.1311414788838263,1.7049131831070612,0.0017
2018-02-12,1.6027652430299382,1.2822121944239506,0.00128
2018-02-13,0.92140926544534,0.737127412356272,0.00074
2018-02-14,0.9465129929364788,0.7572103943491831,0.00076
2018-02-15,0.7996572104418439,0.6397257683534752,0.00064
2018-02-16,1.6148600516520257,1.2918880413216207,0.00129
2018-02-17,1.4188805778375162,1.135104462270013,0.00114
2018-02-18,1.5223736569861765,1.2178989255889414,0.00122
2018-02-19,1.9713426243526282,1.5770740994821026,0.00158
2018-02-20,1.7062356899646614,1.364988551971729,0.00136
2018-02-21,1.2341631576761471,0.9873305261409178,0.00099
2018-02-22,1.4107978497055846,1.1286382797644678,0.00113
2018-02-23,1.8194602470774734,1.4555681976619788,0.00146
2018-02-24,1.4141206089260623,1.13129648714085,0.00113
2018-02-25,0.6985091206085872,0.5588072964868698,0.00056
2018-02-26,1.1423998777471909,0.9139199021977528,0.00091
2018-02-27,0.966605005049431,0.7732840040395449,0.00077
2018-02-28,0.31727681463774,0.253821451710192,0.00025
2018-03-01,0.8231038086103875,0.65848304688831,0.00066
2018-03-02,1.906992930818845,1.525594344655076,0.00153
2018-03-03,1.7519373994487422,1.4015499195589938,0.0014
2018-03-04,0.9293773773471341,0.7435019018777074,0.00074
2018-03-05,1.219031473654364,0.9752251789234911,0.00098
2018-03-06,1.7243397906781643,1.3794718325425315,0.00138
2018-03-07,2.4328682138028888,1.9462945710423112,0.00195
2018-03-08,0.9233015194255874,0.7386412155404699,0.00074
2018-03-09,1.104560784339909,0.8836486274719273,0.00088
2018-03-10,2.483420876135654,1.9867367009085233,0.00199
2018-03-11,2.6607342099525177,2.128587367962014,0.00213
2018-03-12,3.0327997265287245,2.42623978122298,0.00243
2018-03-13,1.6546201363377315,1.3236961090701853,0.00132
2018-03-14,1.9617712587858582,1.5694170070286866,0.00157
2018-03-15,1.759602556366046,1.407682045092837,0.00141
2018-03-16,1.2788974753329105,1.0231179802663284,0.00102
2018-03-17,3.739033223297928,2.9912265786383427,0.00299
2018-03-18,4.441732838024584,3.5533862704196673,0.00355
2018-03-19,5.191590530078121,4.1532724240624965,0.00415
2018-03-20,4.832917680172185,3.8663341441377486,0.00387
2018-03-21,3.2817684544650563,2.6254147635720453,0.00263
2018-03-22,5.5658732924025855,4.452698633922068,0.00445
2018-03-23,4.241976749121171,3.3935813992969366,0.00339
2018-03-24,0.9745685276638923,0.7796548221311139,0.00078
2018-03-25,2.4379644230642876,1.9503715384514302,0.00195
2018-03-26,2.6408310073748287,2.112664805899863,0.00211
2018-03-27,5.628004593384638,4.50240367470771,0.0045
2018-03-28,3.5485379564716224,2.838830365177298,0.00284
2018-03-29,0.8658591629378549,0.692687330350284,0.00069
2018-03-30,1.5228660004228003,1.2182928003382403,0.00122
2018-03-31,2.60597440243253,2.0847795219460243,0.00208
2018-04-01,4.374101577940989,3.4992812623527914,0.0035
2018-04-02,2.787620329242325,2.23009626339386,0.00223
2018-04-03,3.067989758056869,2.4543918064454955,0.00245
2018-04-04,4.066231392724949,3.252985114179959,0.00325
2018-04-05,5.4672349635313715,4.373787970825098,0.00437
2018-04-06,5.225006931227344,4.180005544981875,0.00418
2018-04-07,6.031030079186761,4.824824063349409,0.00482
2018-04-08,4.408887448739544,3.5271099589916357,0.00353
2018-04-09,2.229833886258799,1.7838671090070393,0.00178
2018-04-10,3.794384603843859,3.035507683075087,0.00304
2018-04-11,4.107123386328385,3.285698709062708,0.00329
2018-04-12,3.1121838563717956,2.4897470850974366,0.00249
2018-04-13,3.7083312028541995,2.96666496228336,0.00297
2018-04-14,4.140757466037334,3.3126059728298674,0.00331
2018-04-15,4.392498493072036,3.5139987944576294,0.00351
2018-04-16,5.608653385229923,4.486922708183939,0.00449
2018-04-17,7.348364386949732,5.878691509559786,0.00588
2018-04-18,8.480661157764718,6.784528926211775,0.00678
2018-04-19,3.788874266410113,3.0310994131280906,0.00303
2018-04-20,3.031043489175383,2.4248347913403063,0.00242
2018-04-21,1.8595478833534729,1.4876383066827783,0.00149
2018-04-22,3.607456497347866,2.885965197878293,0.00289
2018-04-23,4.79993242646117,3.839945941168936,0.00384
2018-04-24,6.683079950502153,5.346463960401723,0.00535
2018-04-25,6.932724329045013,5.546179463236011,0.00555
2018-04-26,6.41429918954165,5.13143935163332,0.00513
2018-04-27,6.883036201368053,5.506428961094443,0.00551
2018-04-28,5.547581277815048,4.438065022252039,0.00444
2018-04-29,6.413960487607904,5.131168390086323,0.00513
2018-04-30,7.242888146509246,5.794310517207397,0.00579
2018-05-01,8.90895356138652,7.127162849109216,0.00713
2018-05-02,6.999007984358343,5.599206387486674,0.0056
2018-05-03,4.223685426938351,3.378948341550681,0.00338
2018-05-04,6.966145392768494,5.572916314214796,0.00557
2018-05-05,7.058048311707565,5.646438649366052,0.00565
2018-05-06,3.192314909686918,2.5538519277495344,0.00255
2018-05-07,3.880787769869823,3.1046302158958587,0.0031
2018-05-08,2.7410617838216362,2.192849427057309,0.00219
2018-05-09,1.8129898352846805,1.4503918682277446,0.00145
2018-05-10,2.9999340854963976,2.3999472683971184,0.0024
2018-05-11,2.9803190839201896,2.384255267136152,0.00238
2018-05-12,1.6718809832499089,1.3375047865999272,0.00134
2018-05-13,3.426432861595874,2.741146289276699,0.00274
2018-05-14,4.631227047623331,3.704981638098665,0.0037
2018-05-15,4.817181660892653,3.8537453287141226,0.00385
2018-05-16,6.39792881555357,5.118343052442857,0.00512
2018-05-17,6.150745309397797,4.920596247518238,0.00492
2018-05-18,5.6013341049761225,4.481067283980898,0.00448
2018-05-19,4.902401382468888,3.9219211059751107,0.00392
2018-05-20,4.097380742482948,3.2779045939863587,0.00328
2018-05-21,2.8745941649343716,2.299675331947497,0.0023
2018-05-22,3.84685525814589,3.0774842065167123,0.00308
2018-05-23,4.180587537960453,3.3444700303683628,0.00334
2018-05-24,5.753926800098623,4.603141440078899,0.0046
2018-05-25,3.6984019130981194,2.9587215304784955,0.00296
2018-05-26,3.7603132201929825,3.0082505761543863,0.00301
2018-05-27,2.8905910369880994,2.3124728295904795,0.00231
2018-05-28,3.5743310216963797,2.859464817357104,0.00286
2018-05-29,3.096279441508259,2.477023553206607,0.00248
2018-05-30,3.422922061484352,2.738337649187482,0.00274
2018-05-31,3.0683200377468345,2.4546560301974676,0.00245
2018-06-01,3.4120327416854312,2.729626193348345,0.00273
2018-06-02,4.800083097323194,3.840066477858555,0.00384
2018-06-03,5.10670549361616,4.085364394892928,0.00409
2018-06-04,5.394608288084539,4.315686630467631,0.00432
2018-06-05,6.161354845643097,4.929083876514478,0.00493
2018-06-06,4.394703994651454,3.5157631957211635,0.00352
2018-06-07,5.356005960604986,4.28480476848399,0.00428
2018-06-08,5.141128947375067,4.112903157900054,0.00411
2018-06-09,7.320795009300321,5.856636007440257,0.00586
2018-06-10,7.5456819556171295,6.036545564493704,0.00604
2018-06-11,6.198341798718952,4.958673438975162,0.00496
2018-06-12,6.391211516267618,5.112969213014095,0.00511
2018-06-13,7.449813469901358,5.959850775921087,0.00596
2018-06-14,9.953258117448048,7.962606493958439,0.00796
2018-06-15,8.591090757908583,6.872872606326867,0.00687
2018-06-16,4.714642129308624,3.771713703446899,0.00377
2018-06-17,3.27564382979619,2.6205150638369523,0.00262
2018-06-18,4.3874643122310095,3.509971449784808,0.00351
2018-06-19,4.892644542888564,3.9141156343108516,0.00391
2018-06-20,3.3958578802056296,2.716686304164504,0.00272
2018-06-21,3.823202181912793,3.0585617455302345,0.00306
2018-06-22,3.7648524460178203,3.0118819568142565,0.00301
2018-06-23,3.9732321520834084,3.178585721666727,0.00318
2018-06-24,4.437739665791163,3.5501917326329306,0.00355
2018-06-25,5.235152452558173,4.188121962046539,0.00419
2018-06-26,5.584964114978518,4.467971291982814,0.00447
2018-06-27,5.439462280847031,4.351569824677624,0.00435
2018-06-28,14.177766124175472,11.342212899340378,0.01134
2018-06-29,6.063563282030613,4.850850625624491,0.00485
2018-06-30,8.07809238315772,6.462473906526177,0.00646
2018-07-01,6.858391569577536,5.486713255662029,0.00549
2018-07-02,5.370303955697601,4.2962431645580805,0.0043
2018-07-03,6.8577793519010095,5.486223481520808,0.00549
2018-07-04,9.265771032023471,7.412616825618777,0.00741
2018-07-05,6.606998630480996,5.2855989043847975,0.00529
2018-07-06,7.5003016231849235,6.000241298547939,0.006
2018-07-07,9.414313801251382,7.531451041001105,0.00753
2018-07-08,9.494403299864521,7.595522639891617,0.0076
2018-07-09,6.415894382179075,5.13271550574326,0.00513
2018-07-10,7.155829832644132,5.724663866115306,0.00572
2018-07-11,7.556307002973584,6.045045602378868,0.00605
2018-07-12,6.934999752476184,5.547999801980947,0.00555
2018-07-13,8.256546392692012,6.60523711415361,0.00661
2018-07-14,7.199377866487309,5.759502293189847,0.00576
2018-07-15,5.846512791159396,4.677210232927517,0.00468
2018-07-16,6.120893009289319,4.896714407431456,0.0049
2018-07-17,6.176402789910337,4.9411222319282695,0.00494
2018-07-18,10.158639321369366,8.126911457095494,0.00813
2018-07-19,5.513500124480886,4.4108000995847085,0.00441
2018-07-20,6.312012717194312,5.04961017375545,0.00505
2018-07-21,6.245430351616452,4.996344281293162,0.005
2018-07-22,5.578817946535821,4.463054357228657,0.00446
2018-07-23,6.716950826121517,5.373560660897214,0.00537
2018-07-24,12.337053403369495,9.869642722695597,0.00987
2018-07-25,8.237650319273387,6.59012025541871,0.00659
2018-07-26,8.742901179322937,6.99432094345835,0.00699
2018-07-27,7.6074815085867,6.08598520686936,0.00609
2018-07-28,5.081864081715825,4.06549126537266,0.00407
2018-07-29,6.209006330461153,4.9672050643689225,0.00497
2018-07-30,6.8108924110523885,5.4487139288419115,0.00545
2018-07-31,7.616204975053487,6.092963980042789,0.00609
2018-08-01,3.617754011990278,2.8942032095922223,0.00289
2018-08-02,4.055634753006779,3.2445078024054235,0.00324
2018-08-03,4.911604976912436,3.9292839815299487,0.00393
2018-08-04,8.013709046869078,6.410967237495263,0.00641
2018-08-05,10.105476901633297,8.084381521306637,0.00808
2018-08-06,7.188367547392226,5.750694037913782,0.00575
2018-08-07,8.088540092757958,6.470832074206367,0.00647
2018-08-08,7.5167990254480594,6.013439220358448,0.00601
2018-08-09,4.631991068955045,3.7055928551640367,0.00371
2018-08-10,6.573751875752725,5.259001500602181,0.00526
2018-08-11,6.544295045762051,5.2354360366096415,0.00524
2018-08-12,6.2876983987065715,5.030158718965257,0.00503
2018-08-13,7.340883053789376,5.872706443031501,0.00587
2018-08-14,9.20733814794128,7.365870518353025,0.00737
2018-08-15,8.751482535072794,7.001186028058235,0.007
2018-08-16,11.35878457278855,9.087027658230841,0.00909
2018-08-17,10.914295551313067,8.731436441050453,0.00873
2018-08-18,10.080148820551022,8.064119056440818,0.00806
2018-08-19,9.331000950188278,7.464800760150623,0.00746
2018-08-20,9.28914100399374,7.4313128031949915,0.00743
2018-08-21,7.15374747167029,5.722997977336232,0.00572
2018-08-22,9.137031200965676,7.309624960772542,0.00731
2018-08-23,11.56685439486429,9.253483515891432,0.00925
2018-08-24,9.148359432897823,7.318687546318259,0.00732
2018-08-25,11.819180498628187,9.45534439890255,0.00946
2018-08-26,10.945504142961147,8.756403314368917,0.00876
2018-08-27,7.212034929230015,5.7696279433840125,0.00577
2018-08-28,10.823746660346492,8.658997328277193,0.00866
2018-08-29,9.785144780366373,7.828115824293099,0.00783
2018-08-30,6.7265601486030535,5.381248118882443,0.00538
2018-08-31,5.869511670159912,4.695609336127929,0.0047
2018-09-01,9.409343669561284,7.527474935649028,0.00753
2018-09-02,10.148163761960202,8.118531009568162,0.00812
2018-09-03,7.672501584320742,6.138001267456594,0.00614
2018-09-04,9.83464952755103,7.867719622040823,0.00787
2018-09-05,5.278282738415279,4.222626190732224,0.00422
2018-09-06,4.1772499761112085,3.341799980888967,0.00334
2018-09-07,3.4443279465056693,2.755462357204536,0.00276
2018-09-08,4.884163056844603,3.9073304454756825,0.00391
2018-09-09,5.197083600994585,4.157666880795668,0.00416
2018-09-10,5.073470344400594,4.058776275520475,0.00406
2018-09-11,4.104117053806651,3.283293643045321,0.00328
2018-09-12,4.500969086364489,3.6007752690915917,0.0036
2018-09-13,5.061252530590883,4.049002024472706,0.00405
2018-09-14,3.4999098591851894,2.7999278873481517,0.0028
2018-09-15,2.399044774846461,1.919235819877169,0.00192
2018-09-16,4.659830960772291,3.7278647686178332,0.00373
2018-09-17,3.121259366626285,2.4970074933010284,0.0025
2018-09-18,3.6743447863458294,2.9394758290766636,0.00294
2018-09-19,5.045658385822069,4.0365267086576555,0.00404
2018-09-20,5.917209180382168,4.733767344305734,0.00473
2018-09-21,4.687458788751196,3.749967031000957,0.00375
2018-09-22,8.293619581474323,6.634895665179458,0.00663
2018-09-23,7.396559791304533,5.917247833043627,0.00592
2018-09-24,9.180429061152635,7.344343248922108,0.00734
2018-09-25,6.281272331358539,5.025017865086832,0.00503
2018-09-26,3.312268987087863,2.6498151896702904,0.00265
2018-09-27,4.199393814143006,3.359515051314405,0.00336
2018-09-28,2.962251663344675,2.36980133067574,0.00237
2018-09-29,6.430740579886926,5.144592463909541,0.00514
2018-09-30,3.3052655722565416,2.6442124578052333,0.00264
2018-10-01,3.6434363663589475,2.914749093087158,0.00291
2018-10-02,2.6350606246064348,2.108048499685148,0.00211
2018-10-03,5.245056857358153,4.196045485886523,0.0042
2018-10-04,2.916004192974383,2.332803354379507,0.00233
2018-10-05,2.5250921780815623,2.0200737424652497,0.00202
2018-10-06,2.431124882581225,1.94489990606498,0.00194
2018-10-07,3.0692194380852857,2.455375550468229,0.00246
2018-10-08,5.855349005924142,4.6842792047393145,0.00468
2018-10-09,5.206976810474657,4.165581448379726,0.00417
2018-10-10,2.007422817638827,1.6059382541110616,0.00161
2018-10-11,2.2584634495799194,1.8067707596639355,0.00181
2018-10-12,2.668550787503564,2.1348406300028513,0.00213
2018-10-13,2.4461291316881852,1.9569033053505482,0.00196
2018-10-14,1.8673266779172357,1.4938613423337888,0.00149
2018-10-15,2.881328034415856,2.3050624275326848,0.00231
2018-10-16,3.0256241741820658,2.420499339345653,0.00242
2018-10-17,3.1142533169016953,2.4914026535213565,0.00249
2018-10-18,3.7312473933186094,2.9849979146548877,0.00298
2018-10-19,3.6989274176725098,2.959141934138008,0.00296
2018-10-20,1.9120312934474664,1.5296250347579732,0.00153
2018-10-21,1.1193150933660019,0.8954520746928015,0.0009
2018-10-22,1.4867107860900823,1.189368628872066,0.00119
2018-10-23,2.602196313315916,2.0817570506527328,0.00208
2018-10-24,1.8068541042139328,1.4454832833711464,0.00145
2018-10-25,0.893410076182456,0.7147280609459649,0.00071
2018-10-26,1.1307613446532325,0.9046090757225861,0.0009
2018-10-27,2.0274807103419685,1.621984568273575,0.00162
2018-10-28,2.3997283770868183,1.9197827016694546,0.00192
2018-10-29,3.2593928633183515,2.6075142906546813,0.00261
2018-10-30,3.567050554909209,2.8536404439273673,0.00285
2018-10-31,5.018465557456193,4.0147724459649545,0.00401
2018-11-01,4.0273903392793295,3.221912271423464,0.00322
2018-11-02,5.070676022004384,4.056540817603508,0.00406
2018-11-03,2.6270419714131634,2.101633577130531,0.0021
2018-11-04,2.4024237567696307,1.9219390054157046,0.00192
2018-11-05,2.2173561864182925,1.773884949134634,0.00177
2018-11-06,2.916487368377867,2.3331898947022935,0.00233
2018-11-07,1.6725814883271133,1.3380651906616907,0.00134
2018-11-08,1.9605936699410782,1.5684749359528627,0.00157
2018-11-09,1.5855599578454078,1.2684479662763264,0.00127
2018-11-10,2.385356342703833,1.9082850741630666,0.00191
2018-11-11,2.5140471326448157,2.011237706115853,0.00201
2018-11-12,2.4628974426911414,1.9703179541529132,0.00197
2018-11-13,1.445249067674391,1.1561992541395127,0.00116
2018-11-14,0.8653541510064129,0.6922833208051303,0.00069
2018-11-15,1.1611622928139937,0.928929834251195,0.00093
2018-11-16,0.87573971921692,0.700591775373536,0.0007
2018-11-17,0.7348342832767809,0.5878674266214248,0.00059
2018-11-18,0.9489149519414921,0.7591319615531937,0.00076
2018-11-19,1.894451625206251,1.515561300165001,0.00152
2018-11-20,1.8732343732463996,1.4985874985971197,0.0015
2018-11-21,1.400922251040881,1.120737800832705,0.00112
2018-11-22,1.1605634619900247,0.9284507695920198,0.00093
2018-11-23,0.5090428073630001,0.40723424589040014,0.00041
2018-11-24,1.1300984808455983,0.9040787846764786,0.0009
2018-11-25,1.3173941643833436,1.053915331506675,0.00105
2018-11-26,0.6319567769080624,0.5055654215264499,0.00051
2018-11-27,1.7627825913948734,1.4102260731158989,0.00141
2018-11-28,1.1798781496915192,0.9439025197532154,0.00094
2018-11-29,0.7639069127840132,0.6111255302272106,0.00061
2018-11-30,0.3314555376650096,0.2651644301320077,0.00027
2018-12-01,0.47045394514755023,0.3763631561180402,0.00038
2018-12-02,1.0119576602031173,0.8095661281624938,0.00081
2018-12-03,1.1348189934608848,0.9078551947687079,0.00091
2018-12-04,1.0120017813196558,0.8096014250557246,0.00081
2018-12-05,0.7925706563131111,0.6340565250504889,0.00063
2018-12-06,0.2690152364797497,0.21521218918379975,0.00022
2018-12-07,0.6621916789169887,0.529753343133591,0.00053
2018-12-08,1.2498423324208208,0.9998738659366566,0.001
2018-12-09,0.9286905607297944,0.7429524485838356,0.00074
2018-12-10,1.275607563506306,1.0204860508050448,0.00102
2018-12-11,1.0759716803162194,0.8607773442529756,0.00086
2018-12-12,0.5272028830261246,0.42176230642089974,0.00042
2018-12-13,0.8539899806873453,0.6831919845498763,0.00068
2018-12-14,0.34233290413674855,0.27386632330939886,0.00027
2018-12-15,0.648818879304437,0.5190551034435497,0.00052
2018-12-16,0.8096207351030144,0.6476965880824115,0.00065
2018-12-17,0.8104957711157774,0.648396616892622,0.00065
2018-12-18,0.5981389161966607,0.4785111329573286,0.00048
2018-12-19,0.49224176894640137,0.39379341515712113,0.00039
2018-12-20,0.5752600977397064,0.4602080781917652,0.00046
2018-12-21,0.7653210515277775,0.612256841222222,0.00061
2018-12-22,1.086985733233599,0.8695885865868793,0.00087
2018-12-23,0.7573804489534143,0.6059043591627314,0.00061
2018-12-24,0.5673817897838445,0.4539054318270756,0.00045
2018-12-25,0.03874744466116697,0.030997955728933574,3e-05
2018-12-26,0.5077599175899244,0.40620793407193956,0.00041
2018-12-27,0.4867230268349482,0.3893784214679586,0.00039
2018-12-28,0.6990916877201262,0.559273350176101,0.00056
2018-12-29,0.35722583543888964,0.2857806683511117,0.00029
2018-12-30,0.6548963444781044,0.5239170755824836,0.00052
2018-12-31,0.5907958407473856,0.4726366725979085,0.00047
2019-01-01,0.39881395358152893,0.31905116286522317,0.00032
2019-01-02,0.5928381895363494,0.4742705516290795,0.00047
2019-01-03,0.8177996453643994,0.6542397162915196,0.00065
2019-01-04,0.8069334278881662,0.645546742310533,0.00065
2019-01-05,0.450899023458732,0.36071921876698565,0.00036
2019-01-06,0.3435495192427179,0.27483961539417434,0.00027
2019-01-07,0.561285009316223,0.44902800745297844,0.00045
2019-01-08,0.5523356174214523,0.4418684939371619,0.00044
2019-01-09,0.520270942384066,0.4162167539072528,0.00042
2019-01-10,0.6146570468422273,0.4917256374737819,0.00049
2019-01-11,0.9612949208590158,0.7690359366872127,0.00077
2019-01-12,0.8299548603404879,0.6639638882723904,0.00066
2019-01-13,0.5451395397503017,0.4361116318002414,0.00044
2019-01-14,0.48826230193607045,0.39060984154885636,0.00039
2019-01-15,0.45243331330883746,0.36194665064707,0.00036
2019-01-16,0.3489271737062611,0.2791417389650089,0.00028
2019-01-17,0.7552581288365645,0.6042065030692516,0.0006
2019-01-18,0.8895198943194644,0.7116159154555716,0.00071
2019-01-19,0.9798008284287502,0.7838406627430001,0.00078
2019-01-20,1.0875127928810888,0.8700102343048711,0.00087
2019-01-21,0.2874675588378028,0.22997404707024224,0.00023
2019-01-22,0.46685412425633116,0.373483299405065,0.00037
2019-01-23,1.011407229252882,0.8091257834023056,0.00081
2019-01-24,1.5277354732333288,1.2221883785866632,0.00122
2019-01-25,1.1737189133037318,0.9389751306429854,0.00094
2019-01-26,0.8849687829293531,0.7079750263434825,0.00071
2019-01-27,0.5912546205873169,0.4730036964698536,0.00047
2019-01-28,0.5653129927115566,0.4522503941692453,0.00045
2019-01-29,1.2022390817960287,0.961791265436823,0.00096
2019-01-30,1.3460236504522047,1.0768189203617637,0.00108
2019-01-31,1.247773553438441,0.9982188427507529,0.001
2019-02-01,0.5394666205449599,0.4315732964359679,0.00043
2019-02-02,1.5004388609765849,1.200351088781268,0.0012
2019-02-03,1.7546670913717595,1.4037336730974077,0.0014
2019-02-04,2.132944490848496,1.7063555926787968,0.00171
2019-02-05,1.9909647499267602,1.5927717999414082,0.00159
2019-02-06,0.8744522891920112,0.699561831353609,0.0007
2019-02-07,0.5548825889366324,0.44390607114930597,0.00044
2019-02-08,0.47333782657414614,0.3786702612593169,0.00038
2019-02-09,0.30632796056994593,0.24506236845595675,0.00025
2019-02-10,0.38472845102627706,0.3077827608210217,0.00031
2019-02-11,1.0955164211162136,0.876413136892971,0.00088
2019-02-12,1.792932920783885,1.434346336627108,0.00143
2019-02-13,1.49851245914931,1.198809967319448,0.0012
2019-02-14,1.402411268256737,1.1219290146053895,0.00112
2019-02-15,1.206509420708251,0.9652075365666009,0.00097
2019-02-16,0.9930820868381808,0.7944656694705446,0.00079
2019-02-17,1.7842968264081651,1.4274374611265321,0.00143
2019-02-18,1.6436000785118878,1.3148800628095103,0.00131
2019-02-19,1.5990783595975,1.279262687678,0.00128
2019-02-20,1.8488976978114167,1.4791181582491335,0.00148
2019-02-21,2.5247645986006546,2.0198116788805236,0.00202
2019-02-22,1.378441383183162,1.1027531065465295,0.0011
2019-02-23,0.7948102162277462,0.635848172982197,0.00064
2019-02-24,0.7663257828434964,0.6130606262747972,0.00061
2019-02-25,1.3730776451502151,1.0984621161201722,0.0011
2019-02-26,1.6479440655487825,1.318355252439026,0.00132
2019-02-27,1.473720215292145,1.178976172233716,0.00118
2019-02-28,1.1076024373941165,0.8860819499152932,0.00089
2019-03-01,1.5669488913036034,1.2535591130428827,0.00125
2019-03-02,1.5910693110523264,1.2728554488418613,0.00127
2019-03-03,1.5274164976764006,1.2219331981411206,0.00122
2019-03-04,1.9852375074632906,1.5881900059706326,0.00159
2019-03-05,2.5502714210192554,2.0402171368154045,0.00204
2019-03-06,1.2057016552822897,0.9645613242258317,0.00096
2019-03-07,1.362033440694488,1.0896267525555905,0.00109
2019-03-08,2.356236117872523,1.8849888942980184,0.00188
2019-03-09,3.3554663384142187,2.6843730707313753,0.00268
2019-03-10,2.367172838465512,1.8937382707724097,0.00189
2019-03-11,2.612169897349997,2.089735917879998,0.00209
2019-03-12,2.081587681908459,1.665270145526767,0.00167
2019-03-13,1.367816621892827,1.0942532975142616,0.00109
2019-03-14,1.4851967918028588,1.188157433442287,0.00119
2019-03-15,0.9290627378530103,0.7432501902824082,0.00074
2019-03-16,0.3187685082701766,0.2550148066161413,0.00026
2019-03-17,1.3990302278318103,1.1192241822654483,0.00112
2019-03-18,2.4906204334321185,1.9924963467456949,0.00199
2019-03-19,3.7071494235600952,2.9657195388480764,0.00297
2019-03-20,4.318876222580022,3.455100978064018,0.00346
2019-03-21,2.267180277069744,1.813744221655795,0.00181
2019-03-22,2.0640925070288474,1.651274005623078,0.00165
2019-03-23,1.9333739401662977,1.5466991521330382,0.00155
2019-03-24,1.7275815910570849,1.382065272845668,0.00138
2019-03-25,1.9665923932544982,1.5732739146035986,0.00157
2019-03-26,2.7887775582566903,2.2310220466053523,0.00223
2019-03-27,3.2232898265885828,2.5786318612708663,0.00258
2019-03-28,1.748697544055463,1.3989580352443705,0.0014
2019-03-29,2.0016564613380763,1.601325169070461,0.0016
2019-03-30,2.445406594311498,1.9563252754491984,0.00196
2019-03-31,2.926171698759424,2.3409373590075395,0.00234
2019-04-01,2.0282720755059067,1.6226176604047255,0.00162
2019-04-02,2.6925710536551213,2.154056842924097,0.00215
2019-04-03,2.519168377807857,2.0153347022462857,0.00202
2019-04-04,3.3112401805584875,2.6489921444467903,0.00265
2019-04-05,4.694807315999245,3.7558458527993963,0.00376
2019-04-06,4.200516309700776,3.3604130477606207,0.00336
2019-04-07,3.224240985365892,2.5793927882927137,0.00258
2019-04-08,3.437994328818687,2.75039546305495,0.00275
2019-04-09,1.833377615829532,1.4667020926636258,0.00147
2019-04-10,2.0484491358411754,1.6387593086729404,0.00164
2019-04-11,1.175806987157651,0.9406455897261209,0.00094
2019-04-12,1.39551666306882,1.116413330455056,0.00112
2019-04-13,2.5081475510722195,2.0065180408577756,0.00201
2019-04-14,1.762989108119387,1.4103912864955097,0.00141
2019-04-15,2.1226017153517005,1.6980813722813606,0.0017
2019-04-16,1.8008219494981395,1.4406575595985116,0.00144
2019-04-17,1.668374275692166,1.3346994205537328,0.00133
2019-04-18,1.851045436610544,1.4808363492884353,0.00148
2019-04-19,0.9895903260361528,0.7916722608289223,0.00079
2019-04-20,1.764613592249022,1.4116908737992178,0.00141
2019-04-21,1.4770285984494467,1.1816228787595573,0.00118
2019-04-22,1.7765931854148533,1.4212745483318827,0.00142
2019-04-23,3.469663875170441,2.775731100136353,0.00278
2019-04-24,2.9085814545930115,2.3268651636744093,0.00233
2019-04-25,3.743995065778492,2.9951960526227936,0.003
2019-04-26,4.713564089196953,3.7708512713575626,0.00377
2019-04-27,3.7956450219064,3.0365160175251202,0.00304
2019-04-28,3.0308549749335354,2.4246839799468285,0.00242
2019-04-29,2.9673592450510187,2.373887396040815,0.00237
2019-04-30,7.288400069805188,5.83072005584415,0.00583
2019-05-01,8.576036033429778,6.860828826743823,0.00686
2019-05-02,3.547388032206977,2.837910425765582,0.00284
2019-05-03,2.8078171255828974,2.246253700466318,0.00225
2019-05-04,4.219439057385977,3.375551245908782,0.00338
2019-05-05,3.4362714417025346,2.749017153362028,0.00275
2019-05-06,3.7506143026532577,3.0004914421226063,0.003
2019-05-07,3.9342263621550773,3.147381089724062,0.00315
2019-05-08,1.2722113904489316,1.0177691123591452,0.00102
2019-05-09,2.1593205386022056,1.7274564308817646,0.00173
2019-05-10,2.352005314636908,1.8816042517095266,0.00188
2019-05-11,2.2500424292379417,1.8000339433903534,0.0018
2019-05-12,2.7809429740507605,2.2247543792406086,0.00222
2019-05-13,5.117807671144729,4.094246136915784,0.00409
2019-05-14,7.043473673250794,5.634778938600636,0.00563
2019-05-15,6.803620462043259,5.4428963696346075,0.00544
2019-05-16,9.275239902222888,7.4201919217783106,0.00742
2019-05-17,5.251287367274435,4.201029893819548,0.0042
2019-05-18,2.590219100124999,2.0721752800999993,0.00207
2019-05-19,2.4051385542082646,1.9241108433666119,0.00192
2019-05-20,5.266856246669754,4.2134849973358035,0.00421
2019-05-21,8.368517118684203,6.694813694947363,0.00669
2019-05-22,5.5337824786552305,4.427025982924184,0.00443
2019-05-23,2.510929394091328,2.0087435152730624,0.00201
2019-05-24,4.209598627474077,3.3676789019792617,0.00337
2019-05-25,2.4998230611691987,1.999858448935359,0.002
2019-05-26,4.739061580964233,3.7912492647713862,0.00379
2019-05-27,5.8412292511799215,4.672983400943937,0.00467
2019-05-28,7.854951216155162,6.28396097292413,0.00628
2019-05-29,9.962944125136106,7.970355300108885,0.00797
2019-05-30,6.915891033560262,5.53271282684821,0.00553
2019-05-31,6.000173145058479,4.8001385160467835,0.0048
2019-06-01,6.399371894593795,5.119497515675036,0.00512
2019-06-02,6.046917072492877,4.837533657994302,0.00484
2019-06-03,5.220472130128179,4.176377704102544,0.00418
2019-06-04,8.890036291360358,7.112029033088287,0.00711
2019-06-05,4.714246654543996,3.771397323635197,0.00377
2019-06-06,4.7113417335516035,3.769073386841283,0.00377
2019-06-07,3.5625823873370708,2.850065909869657,0.00285
2019-06-08,4.988793873958666,3.9910350991669326,0.00399
2019-06-09,5.621162986529577,4.496930389223662,0.0045
2019-06-10,4.216070843574219,3.372856674859375,0.00337
2019-06-11,3.1020237290901265,2.481618983272101,0.00248
2019-06-12,3.1273971147997366,2.5019176918397896,0.0025
2019-06-13,2.729306885828303,2.1834455086626425,0.00218
2019-06-14,4.309673242047785,3.4477385936382277,0.00345
2019-06-15,3.447224139144712,2.75777931131577,0.00276
2019-06-16,3.5737758178557084,2.859020654284567,0.00286
2019-06-17,3.327859824559659,2.6622878596477273,0.00266
2019-06-18,3.8945245903692487,3.115619672295399,0.00312
2019-06-19,3.3717932274592273,2.697434581967382,0.0027
2019-06-20,3.291130127843541,2.632904102274833,0.00263
2019-06-21,3.9980599069318674,3.1984479255454943,0.0032
2019-06-22,3.6877213520501195,2.9501770816400956,0.00295
2019-06-23,6.276390724271996,5.021112579417597,0.00502
2019-06-24,5.117462414735199,4.093969931788159,0.00409
2019-06-25,6.572780163115549,5.25822413049244,0.00526
2019-06-26,7.2634085235010755,5.810726818800861,0.00581
2019-06-27,8.707840512221019,6.966272409776815,0.00697
2019-06-28,6.307524818606731,5.046019854885385,0.00505
2019-06-29,6.029981022299123,4.823984817839299,0.00482
2019-06-30,4.253660005941411,3.4029280047531287,0.0034
2019-07-01,4.797974854568083,3.8383798836544667,0.00384
2019-07-02,8.538211788544608,6.830569430835687,0.00683
2019-07-03,13.11894691001957,10.495157528015657,0.0105
2019-07-04,11.318103747280313,9.05448299782425,0.00905
2019-07-05,7.222367106416484,5.777893685133187,0.00578
2019-07-06,5.6240285656253155,4.499222852500252,0.0045
2019-07-07,6.646787331005932,5.317429864804746,0.00532
2019-07-08,11.164623403342551,8.93169872267404,0.00893
2019-07-09,9.629406472548414,7.703525178038731,0.0077
2019-07-10,10.113893913429553,8.091115130743644,0.00809
2019-07-11,3.926316893936368,3.1410535151490944,0.00314
2019-07-12,3.4253427852531675,2.740274228202534,0.00274
2019-07-13,5.3338476657930745,4.26707813263446,0.00427
2019-07-14,6.737081831919202,5.389665465535362,0.00539
2019-07-15,2.1589283253979774,1.727142660318382,0.00173
2019-07-16,5.335029666545893,4.268023733236714,0.00427
2019-07-17,3.9585803464252214,3.1668642771401774,0.00317
2019-07-18,2.9993164780999946,2.399453182479996,0.0024
2019-07-19,4.408939658680407,3.527151726944326,0.00353
2019-07-20,6.4407838635745716,5.152627090859657,0.00515
2019-07-21,5.194920187793775,4.1559361502350205,0.00416
2019-07-22,4.8796855775869465,3.9037484620695575,0.0039
2019-07-23,8.12049080958856,6.496392647670849,0.0065
2019-07-24,5.886823369937638,4.709458695950111,0.00471
2019-07-25,5.886716106966403,4.7093728855731225,0.00471
2019-07-26,6.6353136700283875,5.30825093602271,0.00531
2019-07-27,8.045384992692174,6.43630799415374,0.00644
2019-07-28,10.30897860057983,8.247182880463864,0.00825
2019-07-29,13.082380005724145,10.465904004579317,0.01047
2019-07-30,6.612623159955155,5.290098527964124,0.00529
2019-07-31,6.610552658734702,5.2884421269877615,0.00529
2019-08-01,7.275106467643503,5.820085174114802,0.00582
2019-08-02,8.969892024794664,7.175913619835732,0.00718
2019-08-03,5.749806111735723,4.599844889388579,0.0046
2019-08-04,8.426416292196294,6.741133033757035,0.00674
2019-08-05,5.24157167500256,4.193257340002048,0.00419
2019-08-06,6.091758763063184,4.873407010450547,0.00487
2019-08-07,8.217182098804903,6.573745679043923,0.00657
2019-08-08,8.485758956250676,6.788607165000541,0.00679
2019-08-09,12.32459875095625,9.859679000765,0.00986
2019-08-10,7.73080303775889,6.184642430207113,0.00618
2019-08-11,8.406470835253803,6.7251766682030425,0.00673
2019-08-12,10.647752789202011,8.51820223136161,0.00852
2019-08-13,11.386797238799822,9.109437791039857,0.00911
2019-08-14,11.600851435695926,9.280681148556742,0.00928
2019-08-15,12.350285617056347,9.880228493645077,0.00988
2019-08-16,6.490910852796939,5.192728682237552,0.00519
2019-08-17,4.167825598388962,3.33426047871117,0.00333
2019-08-18,2.402125454530871,1.921700363624697,0.00192
2019-08-19,4.2105479065524545,3.368438325241964,0.00337
2019-08-20,3.3256687262855174,2.6605349810284142,0.00266
2019-08-21,2.3621516866300567,1.8897213493040455,0.00189
2019-08-22,3.2064759825521505,2.5651807860417204,0.00257
2019-08-23,4.353585542918578,3.482868434334863,0.00348
2019-08-24,5.254572576823938,4.2036580614591506,0.0042
2019-08-25,6.048572721283853,4.838858177027083,0.00484
2019-08-26,8.469994363223332,6.775995490578666,0.00678
2019-08-27,6.9818909934963616,5.58551279479709,0.00559
2019-08-28,5.5134140933505815,4.410731274680465,0.00441
2019-08-29,8.019322012057804,6.415457609646244,0.00642
2019-08-30,6.075175857949823,4.860140686359859,0.00486
2019-08-31,4.971028503182446,3.976822802545957,0.00398
2019-09-01,7.357761502664829,5.886209202131863,0.00589
2019-09-02,7.7654361447320195,6.212348915785616,0.00621
2019-09-03,9.550508830773168,7.640407064618535,0.00764
2019-09-04,8.526216507421823,6.8209732059374595,0.00682
2019-09-05,8.41682063519514,6.733456508156113,0.00673
2019-09-06,7.568723727126584,6.054978981701268,0.00605
2019-09-07,5.016742544638372,4.013394035710698,0.00401
2019-09-08,5.053252473964459,4.042601979171567,0.00404
2019-09-09,6.339323650475318,5.071458920380255,0.00507
2019-09-10,5.98813220336502,4.790505762692017,0.00479
2019-09-11,5.891773241146548,4.713418592917239,0.00471
2019-09-12,6.948210677622515,5.558568542098012,0.00556
2019-09-13,6.002590185838401,4.802072148670721,0.0048
2019-09-14,6.739849186227749,5.3918793489822,0.00539
2019-09-15,7.117927522575487,5.694342018060389,0.00569
2019-09-16,4.53083661430841,3.6246692914467284,0.00362
2019-09-17,5.227561542895047,4.182049234316038,0.00418
2019-09-18,7.799805744490048,6.239844595592039,0.00624
2019-09-19,9.559582426973584,7.647665941578868,0.00765
2019-09-20,4.521433495948424,3.617146796758739,0.00362
2019-09-21,4.282782017646354,3.426225614117083,0.00343
2019-09-22,4.218088178151033,3.374470542520827,0.00337
2019-09-23,5.857822889078327,4.6862583112626615,0.00469
2019-09-24,8.137209924662834,6.509767939730267,0.00651
2019-09-25,2.181196314940274,1.7449570519522195,0.00174
2019-09-26,2.5314415127397476,2.025153210191798,0.00203
2019-09-27,3.9206909754539216,3.1365527803631377,0.00314
2019-09-28,2.2751661734190782,1.8201329387352627,0.00182
2019-09-29,3.877115108719322,3.101692086975458,0.0031
2019-09-30,4.4098924023737105,3.5279139218989686,0.00353
2019-10-01,7.440826231208084,5.952660984966467,0.00595
2019-10-02,6.047535380829308,4.838028304663447,0.00484
2019-10-03,8.13889300234863,6.511114401878904,0.00651
2019-10-04,8.418813489214955,6.735050791371965,0.00674
2019-10-05,7.568425278591499,6.0547402228732,0.00605
2019-10-06,2.079562794855681,1.6636502358845449,0.00166
2019-10-07,2.5305566304677782,2.0244453043742228,0.00202
2019-10-08,2.2691167013033002,1.8152933610426403,0.00182
2019-10-09,2.6793515271150103,2.1434812216920083,0.00214
2019-10-10,3.012043297095839,2.409634637676671,0.00241
2019-10-11,3.866478197099682,3.093182557679746,0.00309
2019-10-12,2.6111262847099352,2.0889010277679483,0.00209
2019-10-13,3.531786808165079,2.8254294465320635,0.00283
2019-10-14,6.789434428339314,5.431547542671452,0.00543
2019-10-15,6.957322546621275,5.56585803729702,0.00557
2019-10-16,5.509464603454146,4.407571682763317,0.00441
2019-10-17,2.9566641688292385,2.365331335063391,0.00237
2019-10-18,2.173778917516517,1.7390231340132136,0.00174
2019-10-19,2.0570993515507716,1.6456794812406175,0.00165
2019-10-20,2.9936902055029155,2.3949521644023326,0.00239
2019-10-21,1.6302020164018103,1.3041616131214484,0.0013
2019-10-22,1.6363944127213401,1.3091155301770723,0.00131
2019-10-23,1.9502955693032749,1.56023645544262,0.00156
2019-10-24,2.6987846578522348,2.159027726281788,0.00216
2019-10-25,3.6059795455981676,2.8847836364785344,0.00288
2019-10-26,3.6071787486339697,2.885742998907176,0.00289
2019-10-27,1.2686019620806568,1.0148815696645255,0.00101
2019-10-28,3.240256594837649,2.5922052758701195,0.00259
2019-10-29,3.699884234826257,2.959907387861006,0.00296
2019-10-30,2.9734294337937763,2.3787435470350213,0.00238
2019-10-31,2.743998584667249,2.1951988677337995,0.0022
2019-11-01,0.5052085196349722,0.40416681570797774,0.0004
2019-11-02,1.2982529538872702,1.0386023631098162,0.00104
2019-11-03,1.706629416869245,1.3653035334953962,0.00137
2019-11-04,2.1529899016382044,1.7223919213105636,0.00172
2019-11-05,2.407310916177537,1.9258487329420295,0.00193
2019-11-06,2.448435990294281,1.958748792235425,0.00196
2019-11-07,2.539769390849347,2.0318155126794775,0.00203
2019-11-08,3.0812090189498487,2.464967215159879,0.00246
2019-11-09,3.07839191163391,2.4627135293071283,0.00246
2019-11-10,3.227900287951036,2.582320230360829,0.00258
2019-11-11,3.4739744185630825,2.779179534850466,0.00278
2019-11-12,2.831669719272646,2.265335775418117,0.00227
2019-11-13,2.7862485315962586,2.228998825277007,0.00223
2019-11-14,3.491836365977053,2.7934690927816423,0.00279
2019-11-15,0.7749945270024419,0.6199956216019535,0.00062
2019-11-16,1.227480433340068,0.9819843466720544,0.00098
2019-11-17,2.3839197352940307,1.9071357882352247,0.00191
2019-11-18,2.0473129431005335,1.6378503544804268,0.00164
2019-11-19,2.5757197283550894,2.060575782684072,0.00206
2019-11-20,1.5951843441502835,1.2761474753202269,0.00128
2019-11-21,1.1971068922405714,0.9576855137924571,0.00096
2019-11-22,1.489078194368572,1.1912625554948577,0.00119
2019-11-23,1.3603919828096132,1.0883135862476905,0.00109
2019-11-24,1.0937597572159465,0.8750078057727573,0.00088
2019-11-25,0.698857779130063,0.5590862233040504,0.00056
2019-11-26,1.1427935320170695,0.9142348256136557,0.00091
2019-11-27,0.8346847375018749,0.6677477900015,0.00067
2019-11-28,0.5459854663462325,0.436788373076986,0.00044
2019-11-29,1.1506379362773689,0.9205103490218951,0.00092
2019-11-30,1.1218601990014403,0.8974881592011523,0.0009
2019-12-01,0.45529968625685474,0.36423974900548384,0.00036
2019-12-02,1.0196920260849027,0.8157536208679222,0.00082
2019-12-03,1.257941366724664,1.0063530933797311,0.00101
2019-12-04,0.085686860939544,0.0685494887516352,7e-05
2019-12-05,0.579555877135155,0.463644701708124,0.00046
2019-12-06,1.099881723384144,0.8799053787073152,0.00088
2019-12-07,0.760024238953353,0.6080193911626824,0.00061
2019-12-08,0.7693390525757482,0.6154712420605986,0.00062
2019-12-09,0.8578177609470018,0.6862542087576015,0.00069
2019-12-10,0.9268312221295844,0.7414649777036675,0.00074
2019-12-11,0.9189402259395194,0.7351521807516156,0.00074
2019-12-12,0.44842830302573666,0.35874264242058934,0.00036
2019-12-13,0.9271309152395075,0.741704732191606,0.00074
2019-12-14,1.2868992773514405,1.0295194218811525,0.00103
2019-12-15,0.8842655816932952,0.7074124653546362,0.00071
2019-12-16,0.9488737147967615,0.7590989718374093,0.00076
2019-12-17,1.075352196856702,0.8602817574853616,0.00086
2019-12-18,0.9779897396614126,0.7823917917291301,0.00078
2019-12-19,1.2307637055454173,0.9846109644363339,0.00098
2019-12-20,1.1439406913342156,0.9151525530673725,0.00092
2019-12-21,1.0349208461071466,0.8279366768857174,0.00083
2019-12-22,1.5308793243165766,1.2247034594532613,0.00122
2019-12-23,1.2302223569263773,0.9841778855411019,0.00098
2019-12-24,0.7128181765904199,0.570254541272336,0.00057
2019-12-25,0.22319990588026645,0.17855992470421317,0.00018
2019-12-26,0.17134832284255888,0.1370786582740471,0.00014
2019-12-27,0.2984263540176596,0.23874108321412768,0.00024
2019-12-28,0.7999867472995643,0.6399893978396515,0.00064
2019-12-29,0.8318048395726496,0.6654438716581197,0.00067
2019-12-30,0.5154940339178044,0.4123952271342435,0.00041
2019-12-31,0.5363291600043246,0.4290633280034597,0.00043
2020-01-01,0.2889087362319871,0.2311269889855897,0.00023
2020-01-02,1.2398187789184902,0.9918550231347922,0.00099
2020-01-03,1.008441851883149,0.8067534815065193,0.00081
2020-01-04,0.6870653699450829,0.5496522959560664,0.00055
2020-01-05,0.7815540740627945,0.6252432592502357,0.00063
2020-01-06,0.7206019118406173,0.5764815294724939,0.00058
2020-01-07,0.35470583409436013,0.2837646672754881,0.00028
2020-01-08,0.10942273305941413,0.08753818644753131,9e-05
2020-01-09,0.7852970629175161,0.6282376503340129,0.00063
2020-01-10,1.0671473498087767,0.8537178798470214,0.00085
2020-01-11,1.3947411441041828,1.1157929152833463,0.00112
2020-01-12,0.8262514583187587,0.661001166655007,0.00066
2020-01-13,1.0610182416444214,0.8488145933155371,0.00085
2020-01-14,1.3981766010211758,1.1185412808169406,0.00112
2020-01-15,1.4105654867471253,1.1284523893977003,0.00113
2020-01-16,1.3003063809831525,1.040245104786522,0.00104
2020-01-17,1.0295400866651092,0.8236320693320874,0.00082
2020-01-18,0.6402284539681764,0.5121827631745411,0.00051
2020-01-19,0.7853392378296097,0.6282713902636878,0.00063
2020-01-20,0.6663699215199945,0.5330959372159957,0.00053
2020-01-21,1.4621488576100867,1.1697190860880695,0.00117
2020-01-22,0.980705168885398,0.7845641351083185,0.00078
2020-01-23,1.1337748772630105,0.9070199018104085,0.00091
2020-01-24,0.9933514272900904,0.7946811418320724,0.00079
2020-01-25,1.4872204976889323,1.1897763981511458,0.00119
2020-01-26,1.8524696014311033,1.4819756811448828,0.00148
2020-01-27,1.4367944398882888,1.1494355519106312,0.00115
2020-01-28,0.45892143910539707,0.3671371512843177,0.00037
2020-01-29,0.5519728967676111,0.4415783174140889,0.00044
2020-01-30,0.1248106081736349,0.09984848653890793,0.0001
2020-01-31,0.7223408791890037,0.577872703351203,0.00058
2020-02-01,1.1432994579210725,0.9146395663368581,0.00091
2020-02-02,1.1741319611173768,0.9393055688939015,0.00094
2020-02-03,1.3104774126733538,1.0483819301386832,0.00105
2020-02-04,0.4691436871423183,0.37531494971385465,0.00038
2020-02-05,1.6835189584367796,1.3468151667494237,0.00135
2020-02-06,0.12937936307178927,0.10350349045743142,0.0001
2020-02-07,0.22848291615734398,0.1827863329258752,0.00018
2020-02-08,1.2173011256694768,0.9738409005355815,0.00097
2020-02-09,0.9717279589079126,0.7773823671263301,0.00078
2020-02-10,1.0499897154839872,0.8399917723871898,0.00084
2020-02-11,0.9311041316416563,0.744883305313325,0.00074
2020-02-12,0.23665047733692304,0.18932038186953845,0.00019
2020-02-13,0.45043909029035084,0.3603512722322807,0.00036
2020-02-14,1.5234590004023887,1.218767200321911,0.00122
2020-02-15,1.923890204915778,1.5391121639326224,0.00154
2020-02-16,1.068048936909096,0.8544391495272768,0.00085
2020-02-17,1.0971551816796599,0.8777241453437279,0.00088
2020-02-18,1.943263596542158,1.5546108772337266,0.00155
2020-02-19,1.961016197604687,1.5688129580837495,0.00157
2020-02-20,2.1388347075162546,1.7110677660130038,0.00171
2020-02-21,0.36219780242984584,0.28975824194387667,0.00029
2020-02-22,0.4768160788582473,0.38145286308659787,0.00038
2020-02-23,1.5129579581377302,1.2103663665101843,0.00121
2020-02-24,1.2584513726079702,1.0067610980863761,0.00101
2020-02-25,1.971019188708778,1.5768153509670224,0.00158
2020-02-26,3.466545898445128,2.7732367187561024,0.00277
2020-02-27,2.568890782386781,2.0551126259094246,0.00206
2020-02-28,0.7430532174624176,0.594442573969934,0.00059
2020-02-29,0.8787810970167774,0.703024877613422,0.0007
2020-03-01,1.4560814642960276,1.1648651714368221,0.00116
2020-03-02,2.0111063292293134,1.6088850633834508,0.00161
2020-03-03,3.0489267813082477,2.439141425046598,0.00244
2020-03-04,3.9585464341137993,3.1668371472910395,0.00317
2020-03-05,4.776944875039953,3.8215559000319623,0.00382
2020-03-06,1.5975165286874753,1.2780132229499803,0.00128
2020-03-07,2.276540673001797,1.8212325384014378,0.00182
2020-03-08,3.0006447069887625,2.40051576559101,0.0024
2020-03-09,4.74036113764485,3.7922889101158805,0.00379
2020-03-10,2.7793616711442586,2.223489336915407,0.00222
2020-03-11,2.271866680879368,1.8174933447034947,0.00182
2020-03-12,3.6882654456337614,2.9506123565070093,0.00295
2020-03-13,3.1714614670070542,2.5371691736056436,0.00254
2020-03-14,2.4692592591971345,1.9754074073577077,0.00198
2020-03-15,2.094227413065396,1.675381930452317,0.00168
2020-03-16,0.7385805721344233,0.5908644577075387,0.00059
2020-03-17,2.1108358409371966,1.6886686727497573,0.00169
2020-03-18,1.380972842593902,1.1047782740751217,0.0011
2020-03-19,0.8818984847893743,0.7055187878314995,0.00071
2020-03-20,1.2997544719811989,1.0398035775849592,0.00104
2020-03-21,1.9815848147831372,1.5852678518265098,0.00159
2020-03-22,2.6013780489093437,2.081102439127475,0.00208
2020-03-23,4.361023781151284,3.488819024921028,0.00349
2020-03-24,2.0505174921456346,1.6404139937165079,0.00164
2020-03-25,1.7980341132945798,1.4384272906356639,0.00144
2020-03-26,2.8153834470715884,2.2523067576572706,0.00225
2020-03-27,2.38536780731256,1.908294245850048,0.00191
2020-03-28,0.6226477882585177,0.4981182306068142,0.0005
2020-03-29,0.8051875029961139,0.6441500023968911,0.00064
2020-03-30,1.4019017330059584,1.1215213864047668,0.00112
2020-03-31,1.9620216391373928,1.5696173113099143,0.00157
2020-04-01,2.123853087421902,1.6990824699375218,0.0017
2020-04-02,1.5036038601512014,1.2028830881209611,0.0012
2020-04-03,1.4122054836536866,1.1297643869229492,0.00113
2020-04-04,2.0016748877705544,1.6013399102164436,0.0016
2020-04-05,2.134401637404467,1.7075213099235738,0.00171
2020-04-06,1.6021965623075902,1.2817572498460723,0.00128
2020-04-07,4.083630212173896,3.266904169739117,0.00327
2020-04-08,3.5011449811684803,2.800915984934784,0.0028
2020-04-09,3.5750852780418914,2.8600682224335134,0.00286
2020-04-10,2.6752670470212494,2.140213637617,0.00214
2020-04-11,2.72469447954161,2.179755583633288,0.00218
2020-04-12,3.322310958461696,2.657848766769357,0.00266
2020-04-13,4.076598091749713,3.261278473399771,0.00326
2020-04-14,6.700483774347133,5.360387019477707,0.00536
2020-04-15,3.5730523316430065,2.8584418653144055,0.00286
2020-04-16,1.8099170693459883,1.4479336554767908,0.00145
2020-04-17,3.501963567736863,2.8015708541894906,0.0028
2020-04-18,4.258393768922432,3.406715015137946,0.00341
2020-04-19,4.338639427166127,3.4709115417329017,0.00347
2020-04-20,5.868307687887891,4.694646150310313,0.00469
2020-04-21,1.7714642668073215,1.4171714134458573,0.00142
2020-04-22,0.7065847638036248,0.5652678110428998,0.00057
2020-04-23,3.167293963943439,2.5338351711547515,0.00253
2020-04-24,3.338169627626165,2.670535702100932,0.00267
2020-04-25,4.453233194896262,3.56258655591701,0.00356
2020-04-26,3.903039123262808,3.1224312986102465,0.00312
2020-04-27,5.426858107349847,4.341486485879878,0.00434
2020-04-28,4.204446801554509,3.363557441243607,0.00336
2020-04-29,3.777624966179626,3.022099972943701,0.00302
2020-04-30,2.6975633942773265,2.158050715421861,0.00216
2020-05-01,2.4968082397054903,1.9974465917643922,0.002
2020-05-02,2.5012255207605856,2.0009804166084684,0.002
2020-05-03,1.7339300444434371,1.3871440355547497,0.00139
2020-05-04,2.211808428951315,1.769446743161052,0.00177
2020-05-05,1.91086614426852,1.5286929154148161,0.00153
2020-05-06,2.297136191176762,1.8377089529414097,0.00184
2020-05-07,1.446337978900013,1.1570703831200104,0.00116
2020-05-08,2.1196239807016886,1.695699184561351,0.0017
2020-05-09,3.440345941349189,2.7522767530793515,0.00275
2020-05-10,4.037348578609832,3.2298788628878654,0.00323
2020-05-11,7.727120145703333,6.181696116562667,0.00618
2020-05-12,7.739338085559027,6.191470468447221,0.00619
2020-05-13,8.12608341630871,6.500866733046968,0.0065
2020-05-14,5.281499025764718,4.225199220611774,0.00423
2020-05-15,8.901865569734603,7.121492455787683,0.00712
2020-05-16,11.348049635639107,9.078439708511286,0.00908
2020-05-17,7.782290350892273,6.225832280713819,0.00623
2020-05-18,10.438904077223242,8.351123261778595,0.00835
2020-05-19,7.082571568084518,5.666057254467614,0.00567
2020-05-20,9.455301696682938,7.564241357346351,0.00756
2020-05-21,12.11425995601426,9.69140796481141,0.00969
2020-05-22,2.7125961176025246,2.17007689408202,0.00217
2020-05-23,2.690200658361023,2.1521605266888186,0.00215
2020-05-24,3.8645440873274226,3.0916352698619383,0.00309
2020-05-25,4.5864507110151544,3.669160568812124,0.00367
2020-05-26,3.9357387450756343,3.1485909960605074,0.00315
2020-05-27,3.2601185821641967,2.6080948657313576,0.00261
2020-05-28,4.125309792793531,3.300247834234825,0.0033
2020-05-29,2.297406147163877,1.837924917731102,0.00184
2020-05-30,4.277961416519819,3.4223691332158555,0.00342
2020-05-31,3.9935314676830926,3.1948251741464744,0.00319
2020-06-01,3.0085597759695815,2.406847820775665,0.00241
2020-06-02,3.2168591591098608,2.573487327287889,0.00257
2020-06-03,3.6496832585127335,2.919746606810187,0.00292
2020-06-04,3.689801204994563,2.9518409639956507,0.00295
2020-06-05,6.1724431722230095,4.937954537778408,0.00494
2020-06-06,9.816240422443721,7.852992337954977,0.00785
2020-06-07,13.993020894197114,11.194416715357692,0.01119
2020-06-08,10.615549486193483,8.492439588954786,0.00849
2020-06-09,6.426704755032303,5.141363804025843,0.00514
2020-06-10,8.268731803650683,6.614985442920546,0.00661
2020-06-11,5.746715555943654,4.597372444754924,0.0046
2020-06-12,3.89613983027143,3.116911864217144,0.00312
2020-06-13,2.539128370288945,2.031302696231156,0.00203
2020-06-14,3.210126124557619,2.5681008996460957,0.00257
2020-06-15,3.259299294869993,2.6074394358959943,0.00261
2020-06-16,4.247614810881681,3.398091848705345,0.0034
2020-06-17,5.183688903249844,4.146951122599876,0.00415
2020-06-18,3.9835765031875554,3.1868612025500447,0.00319
2020-06-19,3.09207939064954,2.4736635125196322,0.00247
2020-06-20,2.9658489250042552,2.372679140003404,0.00237
2020-06-21,6.008441992891495,4.8067535943131965,0.00481
2020-06-22,4.52949282245766,3.6235942579661278,0.00362
2020-06-23,4.709503170557495,3.767602536445996,0.00377
2020-06-24,4.040298654488697,3.2322389235909577,0.00323
2020-06-25,3.379924349091003,2.703939479272803,0.0027
2020-06-26,6.489728865248894,5.191783092199116,0.00519
2020-06-27,5.636496198427142,4.509196958741714,0.00451
2020-06-28,6.526012073982068,5.2208096591856545,0.00522
2020-06-29,6.144409512351086,4.9155276098808685,0.00492
2020-06-30,6.99500964658443,5.596007717267544,0.0056
2020-07-01,6.863626603513014,5.490901282810412,0.00549
2020-07-02,8.043166625653145,6.434533300522516,0.00643
2020-07-03,7.389840451145086,5.911872360916069,0.00591
2020-07-04,10.636724383844285,8.509379507075428,0.00851
2020-07-05,6.1001872220563005,4.880149777645041,0.00488
2020-07-06,8.408543921831866,6.726835137465493,0.00673
2020-07-07,9.273800495873266,7.4190403966986125,0.00742
2020-07-08,5.779838519827332,4.623870815861866,0.00462
2020-07-09,6.673082658818877,5.338466127055102,0.00534
2020-07-10,7.250426387299233,5.800341109839387,0.0058
2020-07-11,8.423707466464535,6.738965973171628,0.00674
2020-07-12,7.242570045003896,5.794056036003117,0.00579
2020-07-13,6.931980865327507,5.545584692262006,0.00555
2020-07-14,6.101398756150484,4.881119004920388,0.00488
2020-07-15,7.537041379921817,6.029633103937454,0.00603
2020-07-16,5.790275244673578,4.632220195738863,0.00463
2020-07-17,4.939847399728399,3.9518779197827194,0.00395
2020-07-18,7.871941345658375,6.2975530765267,0.0063
2020-07-19,11.323190580464027,9.058552464371223,0.00906
2020-07-20,4.435391339019132,3.548313071215306,0.00355
2020-07-21,6.768772528413907,5.415018022731125,0.00542
2020-07-22,7.910997578794977,6.328798063035983,0.00633
2020-07-23,10.13461962643555,8.10769570114844,0.00811
2020-07-24,8.145456642314171,6.516365313851337,0.00652
2020-07-25,9.19515424314197,7.356123394513576,0.00736
2020-07-26,10.829928844092429,8.663943075273943,0.00866
2020-07-27,5.95562542581561,4.764500340652488,0.00476
2020-07-28,8.699142013122547,6.959313610498038,0.00696
2020-07-29,8.046893950378717,6.437515160302974,0.00644
2020-07-30,7.192532605393644,5.754026084314916,0.00575
2020-07-31,7.655946022725277,6.124756818180222,0.00612
2020-08-01,9.396455374928172,7.517164299942538,0.00752
2020-08-02,6.6584550932500886,5.326764074600071,0.00533
2020-08-03,6.867983484369169,5.494386787495336,0.00549
2020-08-04,8.228560084309587,6.58284806744767,0.00658
2020-08-05,9.120532932034005,7.296426345627204,0.0073
2020-08-06,10.934055079216057,8.747244063372845,0.00875
2020-08-07,14.030535026599967,11.224428021279975,0.01122
2020-08-08,13.262668142899628,10.610134514319704,0.01061
2020-08-09,12.346890566976883,9.877512453581508,0.00988
2020-08-10,9.791746812053107,7.8333974496424865,0.00783
2020-08-11,6.589977590708659,5.271982072566928,0.00527
2020-08-12,8.05732817861941,6.445862542895529,0.00645
2020-08-13,10.059720283516205,8.047776226812964,0.00805
2020-08-14,7.032439814891844,5.6259518519134755,0.00563
2020-08-15,6.3697861523934405,5.095828921914753,0.0051
2020-08-16,6.758555716766491,5.406844573413193,0.00541
2020-08-17,8.360292305111312,6.68823384408905,0.00669
2020-08-18,8.87034836358834,7.0962786908706725,0.0071
2020-08-19,10.675181331918521,8.540145065534817,0.00854
2020-08-20,7.445870303909963,5.956696243127971,0.00596
2020-08-21,4.291723787916382,3.4333790303331058,0.00343
2020-08-22,4.769326851597283,3.8154614812778265,0.00382
2020-08-23,5.054170404403232,4.043336323522586,0.00404
2020-08-24,7.976656911868192,6.3813255294945535,0.00638
2020-08-25,10.47624637306956,8.38099709845565,0.00838
2020-08-26,9.58401440345765,7.66721152276612,0.00767
2020-08-27,5.660167301358106,4.528133841086485,0.00453
2020-08-28,7.402322231096762,5.92185778487741,0.00592
2020-08-29,8.334561119547676,6.667648895638141,0.00667
2020-08-30,12.714158220132326,10.171326576105862,0.01017
2020-08-31,10.902985279375494,8.722388223500396,0.00872
2020-09-01,10.697156142439209,8.557724913951366,0.00856
2020-09-02,13.721959658486066,10.977567726788854,0.01098
2020-09-03,15.646472440665466,12.517177952532373,0.01252
2020-09-04,10.157344513667775,8.125875610934221,0.00813
2020-09-05,6.107255811939698,4.885804649551758,0.00489
2020-09-06,4.908676811231959,3.926941448985567,0.00393
2020-09-07,5.404355649298605,4.3234845194388845,0.00432
2020-09-08,7.919642991234872,6.335714392987898,0.00634
2020-09-09,6.206803717534812,4.96544297402785,0.00497
2020-09-10,6.3724611767362935,5.097968941389035,0.0051
2020-09-11,6.206592534934036,4.965274027947229,0.00497
2020-09-12,7.415409970576494,5.932327976461195,0.00593
2020-09-13,4.292854505550636,3.434283604440509,0.00343
2020-09-14,4.511933304336516,3.609546643469213,0.00361
2020-09-15,8.718424025811805,6.974739220649444,0.00697
2020-09-16,9.267491787243832,7.413993429795067,0.00741
2020-09-17,6.632502732602597,5.306002186082078,0.00531
2020-09-18,8.767565024788416,7.014052019830733,0.00701
2020-09-19,5.178580855338701,4.142864684270961,0.00414
2020-09-20,4.899824762337124,3.919859809869699,0.00392
2020-09-21,4.963618969788225,3.9708951758305804,0.00397
2020-09-22,5.324648303789954,4.259718643031963,0.00426
2020-09-23,5.627804032023681,4.502243225618945,0.0045
2020-09-24,5.809319923910174,4.647455939128139,0.00465
2020-09-25,2.7695488090739797,2.215639047259184,0.00222
2020-09-26,4.796781632112092,3.8374253056896737,0.00384
2020-09-27,8.032487202917657,6.425989762334126,0.00643
2020-09-28,8.029684764676032,6.423747811740826,0.00642
2020-09-29,9.040121076375247,7.232096861100198,0.00723
2020-09-30,3.3389099045752046,2.6711279236601637,0.00267
2020-10-01,4.477877780676134,3.582302224540907,0.00358
2020-10-02,2.9971864227452127,2.39774913819617,0.0024
2020-10-03,6.412349175429457,5.129879340343566,0.00513
2020-10-04,7.051492185094796,5.641193748075837,0.00564
2020-10-05,8.290777322315973,6.632621857852779,0.00663
2020-10-06,11.840826726987691,9.472661381590154,0.00947
2020-10-07,11.5374790870018,9.22998326960144,0.00923
2020-10-08,10.143281899473152,8.114625519578523,0.00811
2020-10-09,5.325313624609951,4.260250899687961,0.00426
2020-10-10,2.5103908956508985,2.008312716520719,0.00201
2020-10-11,3.472490963586638,2.777992770869311,0.00278
2020-10-12,5.943940080745123,4.755152064596099,0.00476
2020-10-13,7.428549174381909,5.942839339505528,0.00594
2020-10-14,5.385064165246298,4.308051332197039,0.00431
2020-10-15,3.086231522126775,2.46898521770142,0.00247
2020-10-16,6.973491921144545,5.5787935369156365,0.00558
2020-10-17,5.005526770249531,4.004421416199626,0.004
2020-10-18,4.003709872176215,3.2029678977409723,0.0032
2020-10-19,1.5577543616396317,1.2462034893117053,0.00125
2020-10-20,1.71278327786505,1.37022662229204,0.00137
2020-10-21,2.2793998693506836,1.823519895480547,0.00182
2020-10-22,2.829234347661676,2.263387478129341,0.00226
2020-10-23,4.352263510048746,3.481810808038997,0.00348
2020-10-24,4.8966496567463,3.91731972539704,0.00392
2020-10-25,4.889195145178138,3.9113561161425103,0.00391
2020-10-26,6.911679886120628,5.529343908896503,0.00553
2020-10-27,4.660929561660941,3.728743649328753,0.00373
2020-10-28,5.991636355015311,4.793309084012249,0.00479
2020-10-29,2.983453925290253,2.3867631402322025,0.00239
2020-10-30,1.4556209874888317,1.1644967899910654,0.00116
2020-10-31,1.162030049174321,0.9296240393394568,0.00093
2020-11-01,1.339682708999205,1.071746167199364,0.00107
2020-11-02,2.14652197501742,1.7172175800139362,0.00172
2020-11-03,2.5398554758435172,2.0318843806748137,0.00203
2020-11-04,1.801267480346426,1.4410139842771408,0.00144
2020-11-05,1.267192879998493,1.0137543039987944,0.00101
2020-11-06,1.58034198002142,1.2642735840171362,0.00126
2020-11-07,1.4410666338533011,1.152853307082641,0.00115
2020-11-08,1.906395498496508,1.5251163987972065,0.00153
2020-11-09,1.7084718322973858,1.3667774658379086,0.00137
2020-11-10,2.552750634741692,2.042200507793354,0.00204
2020-11-11,0.8746577221785661,0.699726177742853,0.0007
2020-11-12,1.700888519762102,1.3607108158096817,0.00136
2020-11-13,1.775613609138012,1.4204908873104096,0.00142
2020-11-14,1.234601051116609,0.9876808408932872,0.00099
2020-11-15,1.7307906149618568,1.3846324919694855,0.00138
2020-11-16,1.4881654675723646,1.1905323740578917,0.00119
2020-11-17,2.603562738544005,2.082850190835204,0.00208
2020-11-18,1.9414039951048765,1.5531231960839014,0.00155
2020-11-19,1.0186401721920277,0.8149121377536223,0.00081
2020-11-20,1.0903198785523451,0.8722559028418762,0.00087
2020-11-21,1.7166005493596899,1.373280439487752,0.00137
2020-11-22,1.5577313813319775,1.246185105065582,0.00125
2020-11-23,1.1884299759505481,0.9507439807604385,0.00095
2020-11-24,1.5208641718808138,1.216691337504651,0.00122
2020-11-25,0.9536050463554349,0.7628840370843479,0.00076
2020-11-26,1.1191614606419231,0.8953291685135385,0.0009
2020-11-27,1.710880022262787,1.3687040178102297,0.00137
2020-11-28,1.4749569432160157,1.1799655545728125,0.00118
2020-11-29,1.4406282465754112,1.152502597260329,0.00115
2020-11-30,1.55867232666377,1.2469378613310163,0.00125
2020-12-01,1.740752484681285,1.392601987745028,0.00139
2020-12-02,1.3779622467368433,1.1023697973894746,0.0011
2020-12-03,1.3701166806031047,1.0960933444824839,0.0011
2020-12-04,1.4426133269723616,1.1540906615778892,0.00115
2020-12-05,1.6089524750359843,1.2871619800287875,0.00129
2020-12-06,1.8675404856588225,1.494032388527058,0.00149
2020-12-07,1.3784088876710152,1.1027271101368121,0.0011
2020-12-08,1.0657349031943837,0.852587922555507,0.00085
2020-12-09,1.0257755374677302,0.8206204299741842,0.00082
2020-12-10,0.5915023426948363,0.473201874155869,0.00047
2020-12-11,1.1137390291439084,0.8909912233151268,0.00089
2020-12-12,0.8826305355206684,0.7061044284165348,0.00071
2020-12-13,1.4561756506439885,1.1649405205151908,0.00116
2020-12-14,0.8671157753447052,0.6936926202757642,0.00069
2020-12-15,0.8488788512368688,0.6791030809894951,0.00068
2020-12-16,0.6984186077628234,0.5587348862102587,0.00056
2020-12-17,0.6991703496229659,0.5593362796983727,0.00056
2020-12-18,0.6546913981360597,0.5237531185088478,0.00052
2020-12-19,1.3191478538960084,1.0553182831168069,0.00106
2020-12-20,1.1844886942229034,0.9475909553783227,0.00095
2020-12-21,0.9383377416313088,0.750670193305047,0.00075
2020-12-22,0.49973554542545007,0.3997884363403601,0.0004
2020-12-23,1.0474118704886857,0.8379294963909486,0.00084
2020-12-24,0.6356964845157603,0.5085571876126083,0.00051
2020-12-25,1.2141362880350595,0.9713090304280476,0.00097
2020-12-26,1.2780738624208343,1.0224590899366675,0.00102
2020-12-27,1.0189371331285588,0.8151497065028471,0.00082
2020-12-28,1.618200210284598,1.2945601682276786,0.00129
2020-12-29,1.2294555748435756,0.9835644598748605,0.00098
2020-12-30,1.5682829541392482,1.2546263633113988,0.00125
2020-12-31,1.3004904165901585,1.0403923332721268,0.00104
2021-01-01,1.6113676135450172,1.2890940908360138,0.00129
2021-01-02,1.3605521046658393,1.0884416837326716,0.00109
2021-01-03,1.3733384935527961,1.098670794842237,0.0011
2021-01-04,1.247672892066268,0.9981383136530145,0.001
2021-01-05,0.855001360548879,0.6840010884391032,0.00068
2021-01-06,0.9800314659120298,0.7840251727296239,0.00078
2021-01-07,0.7409686217797902,0.5927748974238322,0.00059
2021-01-08,1.3533516266787737,1.082681301343019,0.00108
2021-01-09,1.4899334029150717,1.1919467223320575,0.00119
2021-01-10,1.4948976400390983,1.1959181120312787,0.0012
2021-01-11,1.9862097796488383,1.5889678237190707,0.00159
2021-01-12,2.674520624998376,2.139616499998701,0.00214
2021-01-13,0.07140947501000354,0.05712758000800283,6e-05
2021-01-14,0.36532063906222845,0.29225651124978275,0.00029
2021-01-15,0.46597812596811433,0.3727825007744915,0.00037
2021-01-16,0.42048597139068017,0.33638877711254417,0.00034
2021-01-17,0.3248851226188098,0.25990809809504783,0.00026
2021-01-18,0.5062681131995086,0.4050144905596069,0.00041
2021-01-19,1.0418202699014165,0.8334562159211333,0.00083
2021-01-20,1.1081899097085228,0.8865519277668183,0.00089
2021-01-21,1.6510276181026702,1.3208220944821363,0.00132
2021-01-22,1.3549889726584536,1.083991178126763,0.00108
2021-01-23,1.4109593751212575,1.128767500097006,0.00113
2021-01-24,1.3522595688911205,1.0818076551128966,0.00108
2021-01-25,1.2268355831026858,0.9814684664821487,0.00098
2021-01-26,1.533712942294068,1.2269703538352545,0.00123
2021-01-27,0.2336261416087072,0.1869009132869658,0.00019
2021-01-28,0.5435218605769778,0.4348174884615823,0.00043
2021-01-29,0.9646325136599735,0.7717060109279789,0.00077
2021-01-30,0.6887508817763709,0.5510007054210967,0.00055
2021-01-31,0.34078939245705114,0.27263151396564095,0.00027
2021-02-01,1.6705374776170516,1.3364299820936414,0.00134
2021-02-02,2.1679225254519787,1.734338020361583,0.00173
2021-02-03,1.866618106086728,1.4932944848693825,0.00149
2021-02-04,1.4224586313790037,1.137966905103203,0.00114
2021-02-05,1.406226701416502,1.1249813611332016,0.00112
2021-02-06,1.9573606970039743,1.5658885576031796,0.00157
2021-02-07,2.531286367161295,2.025029093729036,0.00203
2021-02-08,3.7472513913281493,2.9978011130625197,0.003
2021-02-09,3.5144516282410305,2.8115613025928248,0.00281
2021-02-10,2.0935973339987535,1.6748778671990028,0.00167
2021-02-11,2.198943533667606,1.7591548269340849,0.00176
2021-02-12,2.055456799793093,1.6443654398344745,0.00164
2021-02-13,1.1978301385346395,0.9582641108277117,0.00096
2021-02-14,1.5988825216266174,1.279106017301294,0.00128
2021-02-15,0.4275770869383519,0.3420616695506815,0.00034
2021-02-16,0.8113355771125335,0.6490684616900269,0.00065
2021-02-17,0.9606428536596173,0.7685142829276939,0.00077
2021-02-18,0.8276559620933737,0.662124769674699,0.00066
2021-02-19,1.087095394281372,0.8696763154250976,0.00087
2021-02-20,1.3336812426600322,1.0669449941280258,0.00107
2021-02-21,1.7089596456439635,1.367167716515171,0.00137
2021-02-22,2.5372093655311336,2.029767492424907,0.00203
2021-02-23,3.2206375235665874,2.57651001885327,0.00258
2021-02-24,2.4752272954246006,1.9801818363396806,0.00198
2021-02-25,1.44699086112062,1.157592688896496,0.00116
2021-02-26,2.326553325848732,1.8612426606789858,0.00186
2021-02-27,2.2207549130098423,1.776603930407874,0.00178
2021-02-28,1.352438820909627,1.0819510567277015,0.00108
2021-03-01,1.573461349479646,1.258769079583717,0.00126
2021-03-02,2.252496306709088,1.8019970453672707,0.0018
2021-03-03,1.5085224951608482,1.2068179961286787,0.00121
2021-03-04,1.8883931650886543,1.5107145320709234,0.00151
2021-03-05,2.5412486528683678,2.0329989222946945,0.00203
2021-03-06,3.587841560762512,2.87027324861001,0.00287
2021-03-07,0.8184242086423458,0.6547393669138767,0.00065
2021-03-08,1.5755137345527217,1.2604109876421774,0.00126
2021-03-09,3.1976111419600244,2.5580889135680196,0.00256
2021-03-10,2.6422542311498733,2.113803384919899,0.00211
2021-03-11,0.8030724111825966,0.6424579289460773,0.00064
2021-03-12,1.993735237086023,1.5949881896688185,0.00159
2021-03-13,2.5973864576602317,2.0779091661281854,0.00208
2021-03-14,3.5576570624717347,2.846125649977388,0.00285
2021-03-15,1.7292256969914852,1.3833805575931883,0.00138
2021-03-16,1.257978797270136,1.0063830378161087,0.00101
2021-03-17,0.9306355173675708,0.7445084138940566,0.00074
2021-03-18,1.6410739938991967,1.3128591951193576,0.00131
2021-03-19,1.0336591686983525,0.8269273349586821,0.00083
2021-03-20,0.8442932706126944,0.6754346164901556,0.00068
2021-03-21,1.0698205257917175,0.8558564206333741,0.00086
2021-03-22,1.3621837620229618,1.0897470096183695,0.00109
2021-03-23,0.5278486767481134,0.42227894139849076,0.00042
2021-03-24,0.7974561100986999,0.6379648880789599,0.00064
2021-03-25,1.0232176634753676,0.8185741307802941,0.00082
2021-03-26,0.9843903978595961,0.787512318287677,0.00079
2021-03-27,1.2017036293091168,0.9613629034472935,0.00096
2021-03-28,2.4870385666357397,1.9896308533085918,0.00199
2021-03-29,2.1181366871630436,1.6945093497304349,0.00169
2021-03-30,1.4026415111097956,1.1221132088878365,0.00112
2021-03-31,1.4499276965002559,1.1599421572002047,0.00116
2021-04-01,0.8857864509964176,0.7086291607971341,0.00071
2021-04-02,1.1656091747708788,0.9324873398167031,0.00093
2021-04-03,2.4070768263115765,1.9256614610492613,0.00193
2021-04-04,3.030523484485194,2.4244187875881553,0.00242
2021-04-05,1.0359129889764047,0.8287303911811238,0.00083
2021-04-06,2.216263195836734,1.7730105566693872,0.00177
2021-04-07,7.8575878309268905,6.286070264741513,0.00629
2021-04-08,3.113853082022693,2.4910824656181543,0.00249
2021-04-09,1.1612679409782756,0.9290143527826205,0.00093
2021-04-10,1.9942871060858278,1.5954296848686624,0.0016
2021-04-11,0.47240624807151277,0.3779249984572102,0.00038
2021-04-12,0.8328427293753189,0.6662741835002551,0.00067
2021-04-13,1.4683232703620472,1.1746586162896377,0.00117
2021-04-14,2.9810128597821146,2.3848102878256916,0.00238
2021-04-15,4.919725596187811,3.935780476950249,0.00394
2021-04-16,3.66066113045796,2.9285289043663685,0.00293
2021-04-17,3.569452987775059,2.8555623902200473,0.00286
2021-04-18,2.8182244369367666,2.254579549549413,0.00225
2021-04-19,3.181047979144598,2.5448383833156782,0.00254
2021-04-20,2.2448462431825202,1.7958769945460162,0.0018
2021-04-21,3.3116592613094,2.6493274090475203,0.00265
2021-04-22,4.080807507964104,3.264646006371283,0.00326
2021-04-23,4.1764059993051585,3.341124799444127,0.00334
2021-04-24,4.490159047240057,3.592127237792046,0.00359
2021-04-25,2.1867261295127,1.74938090361016,0.00175
2021-04-26,0.9487710984329192,0.7590168787463354,0.00076
2021-04-27,3.060808796740301,2.448647037392241,0.00245
2021-04-28,5.265450185741721,4.212360148593377,0.00421
2021-04-29,9.081940804408143,7.265552643526515,0.00727
2021-04-30,3.8973966255840518,3.1179173004672416,0.00312
2021-05-01,7.332634237382185,5.866107389905748,0.00587
2021-05-02,7.193581849939184,5.754865479951348,0.00575
2021-05-03,8.56371081277175,6.850968650217401,0.00685
2021-05-04,2.406625156925425,1.9253001255403401,0.00193
2021-05-05,3.488176957169175,2.7905415657353405,0.00279
2021-05-06,3.452955026833395,2.7623640214667162,0.00276
2021-05-07,5.158710031147279,4.126968024917823,0.00413
2021-05-08,3.8869769667409755,3.1095815733927807,0.00311
2021-05-09,2.308928039292806,1.847142431434245,0.00185
2021-05-10,4.0532600447034675,3.2426080357627742,0.00324
2021-05-11,5.266845728553804,4.213476582843043,0.00421
2021-05-12,5.278333321821575,4.2226666574572596,0.00422
2021-05-13,11.65297739886388,9.322381919091105,0.00932
2021-05-14,7.569417288061578,6.055533830449263,0.00606
2021-05-15,6.3940233055169795,5.115218644413584,0.00512
2021-05-16,4.245917321042687,3.3967338568341496,0.0034
2021-05-17,2.983513434602761,2.386810747682209,0.00239
2021-05-18,6.641783862862518,5.3134270902900145,0.00531
2021-05-19,4.347096013799603,3.4776768110396823,0.00348
2021-05-20,12.112164797113632,9.689731837690907,0.00969
2021-05-21,7.697039268415794,6.157631414732635,0.00616
2021-05-22,1.7633075344559646,1.4106460275647716,0.00141
2021-05-23,4.096444993073236,3.277155994458589,0.00328
2021-05-24,5.028931927224977,4.023145541779981,0.00402
2021-05-25,7.4421386543966666,5.953710923517334,0.00595
2021-05-26,8.95659661837503,7.165277294700025,0.00717
2021-05-27,10.217060423899609,8.173648339119687,0.00817
2021-05-28,7.86968227768798,6.295745822150384,0.0063
2021-05-29,2.0352770378414564,1.6282216302731651,0.00163
2021-05-30,4.177896389031307,3.342317111225046,0.00334
2021-05-31,4.7688761141608484,3.815100891328679,0.00382
2021-06-01,2.753949151352247,2.203159321081798,0.0022
2021-06-02,2.891419849983205,2.313135879986564,0.00231
2021-06-03,2.3792801121081997,1.9034240896865597,0.0019
2021-06-04,2.2291015777326213,1.7832812621860972,0.00178
2021-06-05,2.6759303137575277,2.1407442510060224,0.00214
2021-06-06,4.079948965872346,3.2639591726978767,0.00326
2021-06-07,6.067346389137159,4.853877111309727,0.00485
2021-06-08,3.42822171312591,2.742577370500728,0.00274
2021-06-09,2.993881259351953,2.3951050074815625,0.0024
2021-06-10,4.123077850484736,3.298462280387789,0.0033
2021-06-11,3.5320652139011197,2.825652171120896,0.00283
2021-06-12,2.8877919074808704,2.3102335259846964,0.00231
2021-06-13,4.72165995445909,3.7773279635672723,0.00378
2021-06-14,2.5582259916056826,2.046580793284546,0.00205
2021-06-15,2.3058168720740917,1.8446534976592734,0.00184
2021-06-16,4.564164472983573,3.6513315783868587,0.00365
2021-06-17,2.625488216207405,2.100390572965924,0.0021
2021-06-18,3.7947651031837153,3.0358120825469723,0.00304
2021-06-19,5.348433645717962,4.278746916574369,0.00428
2021-06-20,5.742540433982813,4.594032347186251,0.00459
2021-06-21,3.6334974924105956,2.9067979939284765,0.00291
2021-06-22,2.8451192869860424,2.276095429588834,0.00228
2021-06-23,4.007407879818683,3.205926303854947,0.00321
2021-06-24,3.9123124747037252,3.12984997976298,0.00313
2021-06-25,4.125829906197242,3.300663924957794,0.0033
2021-06-26,4.916792401783665,3.933433921426932,0.00393
2021-06-27,4.5267781016308914,3.6214224813047133,0.00362
2021-06-28,3.8919406323893884,3.113552505911511,0.00311
2021-06-29,5.25261091445256,4.202088731562048,0.0042
2021-06-30,8.382778704666707,6.706222963733366,0.00671
2021-07-01,8.65473591027219,6.923788728217753,0.00692
2021-07-02,12.081564000274101,9.66525120021928,0.00967
2021-07-03,3.994270483833968,3.1954163870671746,0.0032
2021-07-04,2.4924774462925674,1.993981957034054,0.00199
2021-07-05,4.174648828413427,3.339719062730742,0.00334
2021-07-06,5.3676329730144605,4.294106378411569,0.00429
2021-07-07,2.729432157845798,2.1835457262766385,0.00218
2021-07-08,4.568498128340877,3.654798502672702,0.00365
2021-07-09,4.085909208504807,3.268727366803846,0.00327
2021-07-10,3.911061786721139,3.1288494293769116,0.00313
2021-07-11,6.768401678730506,5.414721342984405,0.00541
2021-07-12,5.825076860554579,4.660061488443663,0.00466
2021-07-13,4.877750770132937,3.9022006161063496,0.0039
2021-07-14,7.2555132961821505,5.804410636945721,0.0058
2021-07-15,5.970242451509706,4.776193961207765,0.00478
2021-07-16,8.88140964812749,7.105127718501992,0.00711
2021-07-17,10.842036032988476,8.67362882639078,0.00867
2021-07-18,10.605679964748616,8.484543971798892,0.00848
2021-07-19,14.4764243989323,11.581139519145841,0.01158
2021-07-20,5.425808173042903,4.3406465384343225,0.00434
2021-07-21,10.89112119942045,8.71289695953636,0.00871
2021-07-22,6.196671355786378,4.957337084629103,0.00496
2021-07-23,4.4788258639847065,3.5830606911877654,0.00358
2021-07-24,5.888369735588782,4.710695788471026,0.00471
2021-07-25,7.58275295535809,6.066202364286472,0.00607
2021-07-26,6.850322121428225,5.48025769714258,0.00548
2021-07-27,5.8714949819583,4.69719598556664,0.0047
2021-07-28,8.448400347468008,6.758720277974406,0.00676
2021-07-29,8.481217206372923,6.784973765098339,0.00678
2021-07-30,12.413582517172314,9.930866013737852,0.00993
2021-07-31,9.874757256420429,7.899805805136343,0.0079
2021-08-01,8.849410866180923,7.079528692944739,0.00708
2021-08-02,8.27335249716557,6.618681997732456,0.00662
2021-08-03,10.061401491708516,8.049121193366814,0.00805
2021-08-04,12.101874738798706,9.681499791038966,0.00968
2021-08-05,8.370414840915306,6.6963318727322445,0.0067
2021-08-06,11.102989669276884,8.882391735421507,0.00888
2021-08-07,4.645422782520767,3.716338226016614,0.00372
2021-08-08,4.046376953696493,3.2371015629571946,0.00324
2021-08-09,3.97418683566446,3.179349468531568,0.00318
2021-08-10,5.494155136110224,4.395324108888179,0.0044
2021-08-11,5.488032203716426,4.390425762973141,0.00439
2021-08-12,4.087657589640561,3.270126071712449,0.00327
2021-08-13,4.211913865501564,3.3695310924012514,0.00337
2021-08-14,5.249919878965127,4.1999359031721015,0.0042
2021-08-15,4.8918255781134565,3.9134604624907654,0.00391
2021-08-16,6.631874799447906,5.305499839558325,0.00531
2021-08-17,8.154881572900361,6.52390525832029,0.00652
2021-08-18,10.082419464100054,8.065935571280043,0.00807
2021-08-19,6.56711743473723,5.253693947789785,0.00525
2021-08-20,5.297318014662866,4.237854411730293,0.00424
2021-08-21,5.645101443636086,4.516081154908869,0.00452
2021-08-22,6.205857302289345,4.964685841831476,0.00496
2021-08-23,7.10074833586833,5.680598668694664,0.00568
2021-08-24,5.965879063626996,4.772703250901597,0.00477
2021-08-25,7.708877193688856,6.167101754951085,0.00617
2021-08-26,11.726083916986545,9.380867133589236,0.00938
2021-08-27,11.703544345201369,9.362835476161095,0.00936
2021-08-28,12.280955689265982,9.824764551412786,0.00982
2021-08-29,9.128368349037286,7.3026946792298295,0.0073
2021-08-30,7.483160531091307,5.986528424873046,0.00599
2021-08-31,7.85025184732401,6.280201477859208,0.00628
2021-09-01,6.4796968138690625,5.18375745109525,0.00518
2021-09-02,3.718037538884685,2.9744300311077483,0.00297
2021-09-03,3.8804228091151773,3.104338247292142,0.0031
2021-09-04,4.152789476254599,3.3222315810036793,0.00332
2021-09-05,5.707195689849143,4.565756551879314,0.00457
2021-09-06,5.784422631995922,4.627538105596738,0.00463
2021-09-07,5.3655793284318065,4.292463462745445,0.00429
2021-09-08,6.522343121851723,5.217874497481379,0.00522
2021-09-09,7.0199288189864015,5.615943055189121,0.00562
2021-09-10,6.137080892556791,4.909664714045434,0.00491
2021-09-11,2.774431247793924,2.2195449982351394,0.00222
2021-09-12,4.934015170119289,3.9472121360954313,0.00395
2021-09-13,5.13929015224768,4.111432121798145,0.00411
2021-09-14,4.121329863044957,3.2970638904359655,0.0033
2021-09-15,1.9415587635331821,1.5532470108265457,0.00155
2021-09-16,1.887168781520365,1.5097350252162922,0.00151
2021-09-17,3.127525645153626,2.5020205161229008,0.0025
2021-09-18,4.892635093022635,3.9141080744181083,0.00391
2021-09-19,4.894583370193433,3.9156666961547466,0.00392
2021-09-20,5.860105210398742,4.688084168318993,0.00469
2021-09-21,4.825930872988562,3.8607446983908495,0.00386
2021-09-22,3.018964627800524,2.4151717022404195,0.00242
2021-09-23,2.26128169949698,1.8090253595975843,0.00181
2021-09-24,2.5181716962554446,2.0145373570043557,0.00201
2021-09-25,4.7716370831243395,3.817309666499472,0.00382
2021-09-26,3.4967549056403677,2.7974039245122944,0.0028
2021-09-27,5.30389318051721,4.243114544413768,0.00424
2021-09-28,3.442715880739806,2.754172704591845,0.00275
2021-09-29,2.874302778274661,2.299442222619729,0.0023
2021-09-30,3.4558966685498596,2.764717334839888,0.00276
2021-10-01,3.182322665880765,2.545858132704612,0.00255
2021-10-02,3.1069343329047054,2.4855474663237644,0.00249
2021-10-03,2.828109585193803,2.2624876681550425,0.00226
2021-10-04,2.325271418841478,1.8602171350731824,0.00186
2021-10-05,2.052135469231903,1.6417083753855224,0.00164
2021-10-06,2.7482914147745294,2.1986331318196237,0.0022
2021-10-07,3.3333243975018054,2.6666595180014445,0.00267
2021-10-08,3.394452552202433,2.7155620417619466,0.00272
2021-10-09,5.329744099530297,4.2637952796242375,0.00426
2021-10-10,7.976586380361147,6.3812691042889185,0.00638
2021-10-11,4.75596288915654,3.804770311325232,0.0038
2021-10-12,3.7533803648429362,3.002704291874349,0.003
2021-10-13,3.0138743175415663,2.4110994540332533,0.00241
2021-10-14,3.202291929684342,2.5618335437474737,0.00256
2021-10-15,4.464593950347992,3.571675160278394,0.00357
2021-10-16,6.094957578159611,4.875966062527689,0.00488
2021-10-17,1.5252516395974658,1.2202013116779726,0.00122
2021-10-18,1.1882232119149612,0.950578569531969,0.00095
2021-10-19,1.6290846645741863,1.303267731659349,0.0013
2021-10-20,1.9842123125430893,1.5873698500344715,0.00159
2021-10-21,2.2234232760550645,1.7787386208440517,0.00178
2021-10-22,3.736907203924484,2.9895257631395875,0.00299
2021-10-23,3.625135186478652,2.9001081491829215,0.0029
2021-10-24,3.6820198553580985,2.945615884286479,0.00295
2021-10-25,2.715984171039536,2.172787336831629,0.00217
2021-10-26,1.6235233253030865,1.2988186602424694,0.0013
2021-10-27,2.459437177155398,1.9675497417243184,0.00197
2021-10-28,3.5349908282931084,2.827992662634487,0.00283
2021-10-29,1.3450655558186166,1.0760524446548934,0.00108
2021-10-30,1.711332180685478,1.3690657445483825,0.00137
2021-10-31,1.7134157114633546,1.3707325691706838,0.00137
2021-11-01,1.325084913632051,1.0600679309056409,0.00106
2021-11-02,0.9143124483867846,0.7314499587094277,0.00073
2021-11-03,1.6229143447296703,1.2983314757837363,0.0013
2021-11-04,1.8178857551535692,1.4543086041228555,0.00145
2021-11-05,2.397095267734127,1.9176762141873018,0.00192
2021-11-06,2.6920327475475285,2.153626198038023,0.00215
2021-11-07,3.879490705961932,3.1035925647695457,0.0031
2021-11-08,2.720665346095472,2.1765322768763777,0.00218
2021-11-09,2.1380632137505375,1.71045057100043,0.00171
2021-11-10,0.7123179686032037,0.569854374882563,0.00057
2021-11-11,1.353160726259853,1.0825285810078824,0.00108
2021-11-12,1.531340790666899,1.2250726325335193,0.00123
2021-11-13,1.793910767836879,1.4351286142695034,0.00144
2021-11-14,1.8644164302122639,1.4915331441698112,0.00149
2021-11-15,2.396471058619717,1.9171768468957737,0.00192
2021-11-16,1.6484982216741355,1.3187985773393085,0.00132
2021-11-17,1.5783857185947527,1.2627085748758022,0.00126
2021-11-18,1.6551586156836229,1.3241268925468983,0.00132
2021-11-19,0.6815848937947288,0.545267915035783,0.00055
2021-11-20,1.1191777179509914,0.8953421743607932,0.0009
2021-11-21,1.6435549481375282,1.3148439585100227,0.00131
2021-11-22,1.4947013663666888,1.195761093093351,0.0012
2021-11-23,1.6397287471224797,1.3117829976979838,0.00131
2021-11-24,0.15733117992618975,0.1258649439409518,0.00013
2021-11-25,0.6828595191751478,0.5462876153401183,0.00055
2021-11-26,1.0718921056672461,0.857513684533797,0.00086
2021-11-27,1.0881999013051344,0.8705599210441076,0.00087
2021-11-28,1.3611809770969423,1.088944781677554,0.00109
2021-11-29,2.123494560690293,1.6987956485522344,0.0017
2021-11-30,1.3707077482233894,1.0965661985787116,0.0011
2021-12-01,0.7241366615821261,0.5793093292657009,0.00058
2021-12-02,1.370568345563018,1.0964546764504144,0.0011
2021-12-03,1.8680217400715202,1.4944173920572164,0.00149
2021-12-04,1.277387508891627,1.0219100071133018,0.00102
2021-12-05,0.9940810700936572,0.7952648560749258,0.0008
2021-12-06,1.95615108935055,1.5649208714804401,0.00156
2021-12-07,1.688404538764911,1.3507236310119288,0.00135
2021-12-08,0.8681279925424279,0.6945023940339423,0.00069
2021-12-09,0.6263508197163464,0.5010806557730771,0.0005
2021-12-10,1.4903478294584864,1.1922782635667892,0.00119
2021-12-11,1.570631838971625,1.2565054711773,0.00126
2021-12-12,2.560989406764221,2.048791525411377,0.00205
2021-12-13,1.9247114666256233,1.5397691733004988,0.00154
2021-12-14,0.45995269162994645,0.3679621533039572,0.00037
2021-12-15,0.4907859027881599,0.39262872223052797,0.00039
2021-12-16,0.3548465511236175,0.28387724089889405,0.00028
2021-12-17,0.3838983069573127,0.30711864556585017,0.00031
2021-12-18,0.3673989929094791,0.2939191943275833,0.00029
2021-12-19,0.45932581044255955,0.3674606483540477,0.00037
2021-12-20,0.5062161136669315,0.40497289093354527,0.0004
2021-12-21,0.5806374577113208,0.46450996616905665,0.00046
2021-12-22,0.6426110317910566,0.5140888254328453,0.00051
2021-12-23,0.7943815951486299,0.635505276118904,0.00064
2021-12-24,0.8721133425612041,0.6976906740489633,0.0007
2021-12-25,1.2954346782615562,1.0363477426092451,0.00104
2021-12-26,0.9454337379126302,0.7563469903301042,0.00076
2021-12-27,1.1885146965323945,0.9508117572259156,0.00095
2021-12-28,0.9391020231095342,0.7512816184876274,0.00075
2021-12-29,0.42179070899761323,0.3374325671980906,0.00034
2021-12-30,1.094602025533265,0.875681620426612,0.00088
2021-12-31,1.3645638073167687,1.091651045853415,0.00109
2022-01-01,0.5596100210941937,0.447688016875355,0.00045
2022-01-02,0.21793447056441814,0.17434757645153454,0.00017
2022-01-03,0.9986658313346354,0.7989326650677083,0.0008
2022-01-04,1.2681135940411512,1.014490875232921,0.00101
2022-01-05,1.4251323571891203,1.1401058857512962,0.00114
2022-01-06,1.030455249500276,0.8243641996002208,0.00082
2022-01-07,0.8853041832393482,0.7082433465914786,0.00071
2022-01-08,0.6759865270718447,0.5407892216574758,0.00054
2022-01-09,1.479108623462056,1.183286898769645,0.00118
2022-01-10,1.12207445415675,0.8976595633254001,0.0009
2022-01-11,1.187250523227486,0.9498004185819888,0.00095
2022-01-12,0.40378779896222095,0.3230302391697768,0.00032
2022-01-13,1.107007237382076,0.8856057899056609,0.00089
2022-01-14,1.1218749494405662,0.897499959552453,0.0009
2022-01-15,1.1796780395353699,0.943742431628296,0.00094
2022-01-16,0.5804535423753097,0.46436283390024774,0.00046
2022-01-17,1.070615080368323,0.8564920642946584,0.00086
2022-01-18,1.2576093132470403,1.0060874505976323,0.00101
2022-01-19,0.5151688988563697,0.4121351190850958,0.00041
2022-01-20,1.0576682457735123,0.8461345966188099,0.00085
2022-01-21,1.24257683981852,0.994061471854816,0.00099
2022-01-22,0.04897843216956733,0.03918274573565386,4e-05
2022-01-23,0.5012469454709169,0.4009975563767335,0.0004
2022-01-24,0.6306967202130954,0.5045573761704764,0.0005
2022-01-25,0.4455707185359807,0.35645657482878457,0.00036
2022-01-26,0.9443970442937354,0.7555176354349884,0.00076
2022-01-27,0.46415974695367185,0.3713277975629375,0.00037
2022-01-28,0.5552755585894134,0.4442204468715307,0.00044
2022-01-29,0.6293273448534777,0.5034618758827822,0.0005
2022-01-30,0.7849959517552548,0.6279967614042039,0.00063
2022-01-31,0.5173715461821854,0.4138972369457483,0.00041
2022-02-01,0.47307932629489946,0.3784634610359196,0.00038
2022-02-02,1.0278220453132443,0.8222576362505954,0.00082
2022-02-03,0.7347711148004821,0.5878168918403857,0.00059
2022-02-04,0.32053783224458166,0.25643026579566536,0.00026
2022-02-05,1.1431891706755837,0.9145513365404669,0.00091
2022-02-06,0.9965850529408935,0.7972680423527149,0.0008
2022-02-07,1.2452763412841577,0.9962210730273262,0.001
2022-02-08,1.5458793381097486,1.236703470487799,0.00124
2022-02-09,0.18272712371780778,0.14618169897424624,0.00015
2022-02-10,1.4000263378518212,1.120021070281457,0.00112
2022-02-11,1.2875045772972349,1.030003661837788,0.00103
2022-02-12,1.4749685616639059,1.1799748493311248,0.00118
2022-02-13,1.004029912457217,0.8032239299657736,0.0008
2022-02-14,0.7540284023999476,0.6032227219199582,0.0006
2022-02-15,1.219136058259031,0.9753088466072248,0.00098
2022-02-16,1.6195609201031091,1.2956487360824873,0.0013
2022-02-17,1.4442672853083465,1.1554138282466773,0.00116
2022-02-18,0.4545342050574213,0.3636273640459371,0.00036
2022-02-19,1.077181108278249,0.8617448866225992,0.00086
2022-02-20,1.6932743832788923,1.354619506623114,0.00135
2022-02-21,2.249700784713308,1.7997606277706464,0.0018
2022-02-22,1.1955704503736362,0.956456360298909,0.00096
2022-02-23,1.3529910908535228,1.0823928726828183,0.00108
2022-02-24,0.8701163459256812,0.696093076740545,0.0007
2022-02-25,0.2741192149312034,0.21929537194496274,0.00022
2022-02-26,0.5891016161914578,0.4712812929531663,0.00047
2022-02-27,1.1501670552194592,0.9201336441755674,0.00092
2022-02-28,0.5585544455081806,0.4468435564065445,0.00045
2022-03-01,0.7075265707178805,0.5660212565743045,0.00057
2022-03-02,0.5147671455703502,0.4118137164562802,0.00041
2022-03-03,0.2942428483091431,0.2353942786473145,0.00024
2022-03-04,1.0359964194227653,0.8287971355382123,0.00083
2022-03-05,1.3028197893147644,1.0422558314518116,0.00104
2022-03-06,1.1931834634216014,0.9545467707372812,0.00095
2022-03-07,0.8497755908512193,0.6798204726809756,0.00068
2022-03-08,0.9132384548384915,0.7305907638707932,0.00073
2022-03-09,0.5857502684128197,0.4686002147302558,0.00047
2022-03-10,1.5805900674510154,1.2644720539608123,0.00126
2022-03-11,1.6772811341365155,1.3418249073092126,0.00134
2022-03-12,1.2508602737391643,1.0006882189913315,0.001
2022-03-13,1.7745724528249047,1.419657962259924,0.00142
2022-03-14,1.3792970754494487,1.103437660359559,0.0011
2022-03-15,1.2437189993879842,0.9949751995103875,0.00099
2022-03-16,1.7295794413002936,1.383663553040235,0.00138
2022-03-17,1.7834903621514258,1.4267922897211407,0.00143
2022-03-18,1.4825383613510867,1.1860306890808694,0.00119
2022-03-19,1.669340473766832,1.3354723790134657,0.00134
2022-03-20,1.4285040600302348,1.1428032480241879,0.00114
2022-03-21,1.6422867284946456,1.3138293827957166,0.00131
2022-03-22,1.5953173163675276,1.2762538530940222,0.00128
2022-03-23,1.4981089890486108,1.1984871912388886,0.0012
2022-03-24,1.3317402034254082,1.0653921627403267,0.00107
2022-03-25,1.4933277902908466,1.1946622322326774,0.00119
2022-03-26,1.4724177370456177,1.1779341896364943,0.00118
2022-03-27,1.6654327104839934,1.3323461683871949,0.00133
2022-03-28,3.4370212195530563,2.749616975642445,0.00275
2022-03-29,3.3809516101621044,2.7047612881296836,0.0027
2022-03-30,2.1518717668325134,1.7214974134660108,0.00172
2022-03-31,5.03983857024618,4.031870856196944,0.00403
2022-04-01,7.7503579459643515,6.200286356771482,0.0062
2022-04-02,9.491100762328305,7.592880609862644,0.00759
2022-04-03,5.5664669866936825,4.453173589354946,0.00445
2022-04-04,4.81145614821514,3.8491649185721126,0.00385
2022-04-05,4.538796666341249,3.6310373330729995,0.00363
2022-04-06,3.6813456091309438,2.945076487304755,0.00295
2022-04-07,1.8927294540034958,1.5141835632027967,0.00151
2022-04-08,1.7306810463333266,1.3845448370666613,0.00138
2022-04-09,2.862817365546097,2.2902538924368776,0.00229
2022-04-10,3.143028474159273,2.5144227793274183,0.00251
2022-04-11,3.4536641862414017,2.7629313489931215,0.00276
2022-04-12,2.1960358391266923,1.756828671301354,0.00176
2022-04-13,2.2712167729366435,1.816973418349315,0.00182
2022-04-14,2.780923819218793,2.2247390553750344,0.00222
2022-04-15,3.365362604416294,2.6922900835330354,0.00269
2022-04-16,4.385567370442682,3.508453896354146,0.00351
2022-04-17,4.002064814311677,3.2016518514493413,0.0032
2022-04-18,4.0801690709480765,3.264135256758461,0.00326
2022-04-19,1.5748504085750201,1.2598803268600163,0.00126
2022-04-20,1.8898784504914674,1.511902760393174,0.00151
2022-04-21,4.456262750072192,3.5650102000577535,0.00357
2022-04-22,4.503972064894921,3.603177651915937,0.0036
2022-04-23,5.302413816047563,4.2419310528380505,0.00424
2022-04-24,6.9169786031867515,5.533582882549402,0.00553
2022-04-25,6.035170696088635,4.828136556870908,0.00483
2022-04-26,4.7176919482004385,3.774153558560351,0.00377
2022-04-27,5.953601887671895,4.762881510137516,0.00476
2022-04-28,5.1936634825206935,4.154930786016555,0.00415
2022-04-29,4.944305870836,3.9554446966688,0.00396
2022-04-30,2.3978497158080567,1.9182797726464456,0.00192
2022-05-01,1.7072040931684933,1.3657632745347947,0.00137
2022-05-02,2.4064360791100117,1.9251488632880094,0.00193
2022-05-03,2.1353990295451752,1.7083192236361402,0.00171
2022-05-04,1.5199960743397536,1.215996859471803,0.00122
2022-05-05,2.902022411434428,2.3216179291475423,0.00232
2022-05-06,1.8449586288653046,1.4759669030922438,0.00148
2022-05-07,1.43262654220904,1.146101233767232,0.00115
2022-05-08,2.7534384019608362,2.2027507215686692,0.0022
2022-05-09,4.342112286613244,3.4736898292905956,0.00347
2022-05-10,4.527234334736635,3.621787467789308,0.00362
2022-05-11,5.4243519568582395,4.339481565486592,0.00434
2022-05-12,5.423162835063774,4.338530268051019,0.00434
2022-05-13,6.2498157169644735,4.999852573571579,0.005
2022-05-14,7.1671498755543395,5.733719900443472,0.00573
2022-05-15,3.6236437971210975,2.898915037696878,0.0029
2022-05-16,3.407573607723641,2.726058886178913,0.00273
2022-05-17,2.3182054944749875,1.85456439557999,0.00185
2022-05-18,4.349939019786452,3.4799512158291614,0.00348
2022-05-19,2.5007045298926767,2.0005636239141413,0.002
2022-05-20,3.638654007276456,2.910923205821165,0.00291
2022-05-21,5.961961172641765,4.769568938113412,0.00477
2022-05-22,6.126986614490639,4.901589291592511,0.0049
2022-05-23,4.354847190278159,3.4838777522225275,0.00348
2022-05-24,3.483313412685841,2.786650730148673,0.00279
2022-05-25,6.2730519058259375,5.0184415246607506,0.00502
2022-05-26,7.481111802550343,5.9848894420402745,0.00598
2022-05-27,4.7282001381728005,3.7825601105382405,0.00378
2022-05-28,7.722793022058577,6.178234417646863,0.00618
2022-05-29,7.944321948020936,6.355457558416749,0.00636
2022-05-30,10.728850757542427,8.583080606033942,0.00858
2022-05-31,9.556084769764789,7.644867815811832,0.00764
2022-06-01,6.264978599054073,5.011982879243259,0.00501
2022-06-02,7.506643219250058,6.005314575400046,0.00601
2022-06-03,8.05739176480144,6.445913411841153,0.00645
2022-06-04,4.7816948206566545,3.8253558565253236,0.00383
2022-06-05,4.550933151005315,3.6407465208042518,0.00364
2022-06-06,5.269081094866075,4.21526487589286,0.00422
2022-06-07,3.925401436879481,3.1403211495035848,0.00314
2022-06-08,3.6592997916332486,2.927439833306599,0.00293
2022-06-09,4.8852789518338415,3.9082231614670735,0.00391
2022-06-10,5.279107584209697,4.223286067367758,0.00422
2022-06-11,3.614169304308679,2.8913354434469434,0.00289
2022-06-12,2.42136429582282,1.9370914366582561,0.00194
2022-06-13,2.4284866253568365,1.9427893002854693,0.00194
2022-06-14,2.449644065507786,1.959715252406229,0.00196
2022-06-15,4.773206949437242,3.8185655595497936,0.00382
2022-06-16,4.620987366115614,3.6967898928924914,0.0037
2022-06-17,3.9210806161629295,3.1368644929303438,0.00314
2022-06-18,4.206361268600014,3.365089014880011,0.00337
2022-06-19,5.619238945533067,4.495391156426454,0.0045
2022-06-20,6.739560854290417,5.391648683432334,0.00539
2022-06-21,3.877820510420825,3.10225640833666,0.0031
2022-06-22,3.4891008803435866,2.7912807042748695,0.00279
2022-06-23,5.470253073749816,4.3762024589998525,0.00438
2022-06-24,5.254695840390906,4.203756672312725,0.0042
2022-06-25,2.576074720110953,2.0608597760887624,0.00206
2022-06-26,3.2752995205287125,2.62023961642297,0.00262
2022-06-27,2.089916799231367,1.6719334393850938,0.00167
2022-06-28,2.6663464185883576,2.1330771348706863,0.00213
2022-06-29,3.6616172147771917,2.9292937718217535,0.00293
2022-06-30,4.1364607603335655,3.3091686082668526,0.00331
2022-07-01,3.079192049486908,2.4633536395895264,0.00246
2022-07-02,3.9491933977480094,3.159354718198408,0.00316
2022-07-03,5.122681285828857,4.098145028663086,0.0041
2022-07-04,5.110323196753052,4.088258557402442,0.00409
2022-07-05,5.7983216132569675,4.6386572906055745,0.00464
2022-07-06,6.403355219277532,5.122684175422026,0.00512
2022-07-07,6.689216623517504,5.3513732988140035,0.00535
2022-07-08,4.839155270875008,3.8713242167000064,0.00387
2022-07-09,4.947041272435195,3.9576330179481563,0.00396
2022-07-10,2.5691389107572973,2.055311128605838,0.00206
2022-07-11,4.263489904131789,3.4107919233054314,0.00341
2022-07-12,6.304768079619213,5.04381446369537,0.00504
2022-07-13,4.50976889892286,3.607815119138288,0.00361
2022-07-14,5.579596589588219,4.4636772716705755,0.00446
2022-07-15,5.545374305743073,4.436299444594459,0.00444
2022-07-16,4.681308991927014,3.745047193541611,0.00375
2022-07-17,5.525079492275529,4.420063593820423,0.00442
2022-07-18,5.739728540427297,4.5917828323418375,0.00459
2022-07-19,5.4090854390602034,4.327268351248163,0.00433
2022-07-20,6.458556867583368,5.1668454940666955,0.00517
2022-07-21,5.674338965893582,4.539471172714865,0.00454
2022-07-22,6.2181767512546475,4.9745414010037186,0.00497
2022-07-23,7.701238226616441,6.160990581293153,0.00616
2022-07-24,7.132865313820409,5.706292251056327,0.00571
2022-07-25,6.72477105594377,5.379816844755016,0.00538
2022-07-26,7.489125696822791,5.991300557458233,0.00599
2022-07-27,6.819500794640235,5.455600635712188,0.00546
2022-07-28,9.274667624591226,7.419734099672981,0.00742
2022-07-29,10.742801246502305,8.594240997201844,0.00859
2022-07-30,11.36893266089749,9.095146128717992,0.0091
2022-07-31,10.322975474453623,8.2583803795629,0.00826
2022-08-01,5.699491527260351,4.559593221808281,0.00456
2022-08-02,6.507816216198471,5.206252972958777,0.00521
2022-08-03,7.2446826496489125,5.79574611971913,0.0058
2022-08-04,8.166211256680397,6.5329690053443175,0.00653
2022-08-05,9.197530557715805,7.358024446172644,0.00736
2022-08-06,8.19937543746824,6.559500349974591,0.00656
2022-08-07,3.2509391989940246,2.60075135919522,0.0026
2022-08-08,7.3294973862298365,5.86359790898387,0.00586
2022-08-09,7.046099547120258,5.636879637696207,0.00564
2022-08-10,6.148063427652231,4.9184507421217845,0.00492
2022-08-11,5.441651369369478,4.353321095495583,0.00435
2022-08-12,5.440330655606984,4.352264524485587,0.00435
2022-08-13,6.436090124434232,5.148872099547386,0.00515
2022-08-14,6.244385045197157,4.995508036157727,0.005
2022-08-15,4.9261304216197175,3.940904337295774,0.00394
2022-08-16,6.6077623803492465,5.2862099042793975,0.00529
2022-08-17,8.16674641597248,6.533397132777984,0.00653
2022-08-18,8.13179810625046,6.505438485000369,0.00651
2022-08-19,7.814034725647492,6.251227780517993,0.00625
2022-08-20,5.093380260996841,4.074704208797473,0.00407
2022-08-21,6.824155647265658,5.459324517812527,0.00546
2022-08-22,10.451841778031463,8.36147342242517,0.00836
2022-08-23,12.047176471264448,9.63774117701156,0.00964
2022-08-24,13.133530755595917,10.506824604476733,0.01051
2022-08-25,5.771393268207781,4.617114614566225,0.00462
2022-08-26,6.417046653500466,5.133637322800373,0.00513
2022-08-27,5.895087050252256,4.7160696402018045,0.00472
2022-08-28,5.970085880926174,4.776068704740939,0.00478
2022-08-29,6.2123170596878685,4.969853647750295,0.00497
2022-08-30,9.651751531467497,7.721401225173998,0.00772
2022-08-31,6.841852160853612,5.47348172868289,0.00547
2022-09-01,5.462435865995869,4.3699486927966955,0.00437
2022-09-02,6.402400614626141,5.121920491700913,0.00512
2022-09-03,8.293740643064512,6.63499251445161,0.00663
2022-09-04,4.208615160501105,3.366892128400884,0.00337
2022-09-05,5.692778422789038,4.554222738231231,0.00455
2022-09-06,4.848944022751418,3.8791552182011344,0.00388
2022-09-07,6.2617097869589715,5.009367829567178,0.00501
2022-09-08,4.959628690283022,3.967702952226418,0.00397
2022-09-09,8.299708037531943,6.6397664300255546,0.00664
2022-09-10,7.757744747963255,6.206195798370604,0.00621
2022-09-11,8.940787392612105,7.152629914089684,0.00715
2022-09-12,6.4031843301890286,5.122547464151223,0.00512
2022-09-13,3.6361459808775365,2.908916784702029,0.00291
2022-09-14,4.0770564984038025,3.261645198723042,0.00326
2022-09-15,9.157886033443233,7.3263088267545875,0.00733
2022-09-16,11.491558741564063,9.19324699325125,0.00919
2022-09-17,12.225021618067213,9.78001729445377,0.00978
2022-09-18,7.696138247684951,6.156910598147961,0.00616
2022-09-19,3.9772897048533085,3.1818317638826468,0.00318
2022-09-20,4.509317279852839,3.6074538238822713,0.00361
2022-09-21,3.5612038818002936,2.848963105440235,0.00285
2022-09-22,1.5746728483125985,1.2597382786500788,0.00126
2022-09-23,2.8048550120140434,2.243884009611235,0.00224
2022-09-24,3.7561095012985586,3.0048876010388472,0.003
2022-09-25,5.447649057928158,4.358119246342526,0.00436
2022-09-26,5.736761247987585,4.589408998390068,0.00459
2022-09-27,9.128617512462597,7.302894009970078,0.0073
2022-09-28,5.450495801744762,4.36039664139581,0.00436
2022-09-29,3.8610249115297903,3.0888199292238325,0.00309
2022-09-30,4.232703199976023,3.3861625599808187,0.00339
2022-10-01,7.647210589149956,6.117768471319965,0.00612
2022-10-02,5.899032446462798,4.719225957170239,0.00472
2022-10-03,2.7718959390036373,2.21751675120291,0.00222
2022-10-04,2.7273051267935946,2.181844101434876,0.00218
2022-10-05,1.5180881235383137,1.214470498830651,0.00121
2022-10-06,1.8286835764218066,1.4629468611374454,0.00146
2022-10-07,1.4475325357518818,1.1580260286015054,0.00116
2022-10-08,1.4581117508012025,1.166489400640962,0.00117
2022-10-09,0.9341591892069536,0.7473273513655629,0.00075
2022-10-10,1.7722008207404074,1.417760656592326,0.00142
2022-10-11,3.166001147372278,2.5328009178978226,0.00253
2022-10-12,3.173022530973878,2.538418024779103,0.00254
2022-10-13,2.6935700437510843,2.1548560350008676,0.00215
2022-10-14,1.9945742020439454,1.5956593616351564,0.0016
2022-10-15,2.3457612553060025,1.876609004244802,0.00188
2022-10-16,1.4055090205391678,1.1244072164313343,0.00112
2022-10-17,1.54535174388833,1.2362813951106641,0.00124
2022-10-18,2.012691060875027,1.6101528487000216,0.00161
2022-10-19,1.9722582008811964,1.5778065607049572,0.00158
2022-10-20,0.6668644812226686,0.5334915849781349,0.00053
2022-10-21,1.6897363585192022,1.351789086815362,0.00135
2022-10-22,2.0750562596854008,1.6600450077483206,0.00166
2022-10-23,2.3562994128264174,1.885039530261134,0.00189
2022-10-24,3.6247845680068123,2.89982765440545,0.0029
2022-10-25,2.4366754994431457,1.9493403995545167,0.00195
2022-10-26,2.9803920195288205,2.3843136156230567,0.00238
2022-10-27,1.4362610172617643,1.1490088138094114,0.00115
2022-10-28,2.063566367077289,1.650853093661831,0.00165
2022-10-29,1.758903199344103,1.4071225594752825,0.00141
2022-10-30,2.117181246113924,1.693744996891139,0.00169
2022-10-31,3.085330997869722,2.4682647982957775,0.00247
2022-11-01,1.4246032896621441,1.1396826317297153,0.00114
2022-11-02,2.14059589624033,1.7124767169922643,0.00171
2022-11-03,3.949164961954512,3.1593319695636097,0.00316
2022-11-04,2.0324717993873813,1.6259774395099051,0.00163
2022-11-05,2.7078091822784645,2.1662473458227716,0.00217
2022-11-06,4.11195923558522,3.2895673884681766,0.00329
2022-11-07,3.444771044381638,2.7558168355053105,0.00276
2022-11-08,1.3740233949807232,1.0992187159845785,0.0011
2022-11-09,1.4056280677273576,1.1245024541818862,0.00112
2022-11-10,2.2947268060415467,1.8357814448332375,0.00184
2022-11-11,2.2115987105912853,1.7692789684730283,0.00177
2022-11-12,2.0526648386474102,1.6421318709179282,0.00164
2022-11-13,2.817767749199798,2.2542141993598386,0.00225
2022-11-14,3.0267891490881964,2.421431319270557,0.00242
2022-11-15,1.9607555133783918,1.5686044107027135,0.00157
2022-11-16,1.8655607900768725,1.492448632061498,0.00149
2022-11-17,3.511697094134156,2.809357675307325,0.00281
2022-11-18,3.0862624602718207,2.4690099682174567,0.00247
2022-11-19,3.1640599574143256,2.5312479659314606,0.00253
2022-11-20,1.7507257897818633,1.4005806318254908,0.0014
2022-11-21,2.2414912271059544,1.7931929816847636,0.00179
2022-11-22,2.596054160342323,2.0768433282738585,0.00208
2022-11-23,2.446975551610478,1.9575804412883824,0.00196
2022-11-24,1.1724218383869525,0.937937470709562,0.00094
2022-11-25,0.5432770698052299,0.434621655844184,0.00043
2022-11-26,0.6329116267602741,0.5063293014082193,0.00051
2022-11-27,1.3553384599935794,1.0842707679948635,0.00108
2022-11-28,1.2094917241897405,0.9675933793517925,0.00097
2022-11-29,1.432061710281761,1.1456493682254087,0.00115
2022-11-30,1.584285013629034,1.2674280109032274,0.00127
2022-12-01,1.3167561205529312,1.053404896442345,0.00105
2022-12-02,1.2235101190381013,0.9788080952304811,0.00098
2022-12-03,1.6234020110876868,1.2987216088701494,0.0013
2022-12-04,1.366572077081453,1.0932576616651624,0.00109
2022-12-05,1.4306970239673484,1.1445576191738789,0.00114
2022-12-06,1.1314935578778376,0.9051948463022701,0.00091
2022-12-07,1.3186160450682571,1.0548928360546057,0.00105
2022-12-08,1.245353562128041,0.9962828497024327,0.001
2022-12-09,1.3156465335288874,1.05251722682311,0.00105
2022-12-10,1.2603273240017308,1.0082618592013846,0.00101
2022-12-11,1.676624472880381,1.341299578304305,0.00134
2022-12-12,1.2920980175448489,1.0336784140358792,0.00103
2022-12-13,1.0672706044604146,0.8538164835683317,0.00085
2022-12-14,0.42048483059353925,0.33638786447483143,0.00034
2022-12-15,0.5452313205152237,0.436185056412179,0.00044
2022-12-16,1.3715332282032515,1.0972265825626013,0.0011
2022-12-17,1.0953202260844395,0.8762561808675516,0.00088
2022-12-18,0.8813295580135638,0.7050636464108511,0.00071
2022-12-19,0.0923874147997475,0.07390993183979801,7e-05
2022-12-20,1.1581813786480335,0.9265451029184268,0.00093
2022-12-21,1.036005822543351,0.8288046580346808,0.00083
2022-12-22,0.9616017976500146,0.7692814381200117,0.00077
2022-12-23,0.7748283539898593,0.6198626831918874,0.00062
2022-12-24,0.8313581856786795,0.6650865485429436,0.00067
2022-12-25,0.3335997022523643,0.26687976180189144,0.00027
2022-12-26,0.25226771242472595,0.20181416993978077,0.0002
2022-12-27,1.1327286312487113,0.906182904998969,0.00091
2022-12-28,1.3883031820978715,1.1106425456782973,0.00111
2022-12-29,1.1542464586102952,0.9233971668882361,0.00092
2022-12-30,0.8875099209568761,0.7100079367655009,0.00071
2022-12-31,0.9296516075920939,0.7437212860736752,0.00074
2023-01-01,0.9861184897882277,0.7888947918305822,0.00079
2023-01-02,1.3217569748126148,1.0574055798500919,0.00106
2023-01-03,1.404454000077829,1.1235632000622633,0.00112
2023-01-04,1.3191830289946482,1.0553464231957186,0.00106
2023-01-05,1.2483089598462491,0.9986471678769994,0.001
2023-01-06,0.5276342246279246,0.42210737970233975,0.00042
2023-01-07,0.5030034156438935,0.4024027325151148,0.0004
2023-01-08,0.8179909949811627,0.6543927959849302,0.00065
2023-01-09,1.046097578796532,0.8368780630372257,0.00084
2023-01-10,1.0918380974510513,0.8734704779608411,0.00087
2023-01-11,1.501390959544968,1.2011127676359745,0.0012
2023-01-12,1.3412697913994287,1.073015833119543,0.00107
2023-01-13,1.4609230519671197,1.1687384415736959,0.00117
2023-01-14,1.3691325430201167,1.0953060344160934,0.0011
2023-01-15,1.6215651033240772,1.297252082659262,0.0013
2023-01-16,1.625856787431553,1.3006854299452426,0.0013
2023-01-17,1.686772676385678,1.3494181411085426,0.00135
2023-01-18,1.779240127977633,1.4233921023821066,0.00142
2023-01-19,1.5113184889177083,1.2090547911341667,0.00121
2023-01-20,1.7370387351867167,1.3896309881493734,0.00139
2023-01-21,1.833092682703382,1.4664741461627058,0.00147
2023-01-22,1.8484492235635708,1.4787593788508566,0.00148
2023-01-23,1.6996222101884975,1.359697768150798,0.00136
2023-01-24,2.1663882883211425,1.7331106306569142,0.00173
2023-01-25,1.119598487493888,0.8956787899951104,0.0009
2023-01-26,1.0208447741617648,0.8166758193294119,0.00082
2023-01-27,1.0815085267673183,0.8652068214138547,0.00087
2023-01-28,0.9703568872690723,0.7762855098152579,0.00078
2023-01-29,0.6280255216644949,0.5024204173315959,0.0005
2023-01-30,0.9282817296461626,0.7426253837169301,0.00074
2023-01-31,0.7912026619685145,0.6329621295748117,0.00063
2023-02-01,0.8088872105064369,0.6471097684051496,0.00065
2023-02-02,0.7337685538809243,0.5870148431047395,0.00059
2023-02-03,0.7978413454136043,0.6382730763308835,0.00064
2023-02-04,0.5043220346658476,0.40345762773267807,0.0004
2023-02-05,0.9847848194986368,0.7878278555989096,0.00079
2023-02-06,0.9450060503999118,0.7560048403199295,0.00076
2023-02-07,0.6995201307619197,0.5596161046095357,0.00056
2023-02-08,0.5917521627843154,0.47340173022745236,0.00047
2023-02-09,0.6831105882549564,0.5464884706039651,0.00055
2023-02-10,1.3309901277551344,1.0647921022041076,0.00106
2023-02-11,1.2152825229426916,0.9722260183541533,0.00097
2023-02-12,0.8858600223403739,0.7086880178722992,0.00071
2023-02-13,1.0803115561336742,0.8642492449069394,0.00086
2023-02-14,1.275131386783732,1.0201051094269855,0.00102
2023-02-15,1.101489601304623,0.8811916810436984,0.00088
2023-02-16,0.8812747041521807,0.7050197633217445,0.00071
2023-02-17,1.5479648224509346,1.2383718579607477,0.00124
2023-02-18,2.1613150035277595,1.7290520028222076,0.00173
2023-02-19,4.049403471913963,3.2395227775311706,0.00324
2023-02-20,0.926378509920353,0.7411028079362825,0.00074
2023-02-21,1.1353836621380873,0.9083069297104699,0.00091
2023-02-22,2.0106817671425743,1.6085454137140596,0.00161
2023-02-23,2.509415021938305,2.0075320175506444,0.00201
2023-02-24,1.563906070835442,1.2511248566683537,0.00125
2023-02-25,2.5105147620038126,2.00841180960305,0.00201
2023-02-26,2.8186663098218365,2.2549330478574694,0.00225
2023-02-27,3.5014709506924886,2.8011767605539912,0.0028
2023-02-28,2.4605009091293923,1.968400727303514,0.00197
2023-03-01,2.296318732158835,1.8370549857270682,0.00184
2023-03-02,2.6111367854611767,2.0889094283689413,0.00209
2023-03-03,1.3235735677787213,1.058858854222977,0.00106
2023-03-04,1.7202502826891675,1.376200226151334,0.00138
2023-03-05,1.0728547508191952,0.8582838006553563,0.00086
2023-03-06,0.5343255789062915,0.4274604631250332,0.00043
2023-03-07,1.5072478071001494,1.2057982456801195,0.00121
2023-03-08,2.0180220146145365,1.6144176116916293,0.00161
2023-03-09,1.872472091460603,1.4979776731684824,0.0015
2023-03-10,2.7252574694727345,2.1802059755781875,0.00218
2023-03-11,3.1652994269072976,2.532239541525838,0.00253
2023-03-12,0.7375358723884421,0.5900286979107537,0.00059
2023-03-13,0.3500843807990877,0.28006750463927016,0.00028
2023-03-14,0.7967654795308254,0.6374123836246604,0.00064
2023-03-15,1.4621547371625858,1.1697237897300687,0.00117
2023-03-16,1.5378925283021239,1.230314022641699,0.00123
2023-03-17,0.6007617790530058,0.48060942324240463,0.00048
2023-03-18,0.9465046914322414,0.7572037531457931,0.00076
2023-03-19,0.9647326009718602,0.7717860807774882,0.00077
2023-03-20,1.4137368926985059,1.1309895141588047,0.00113
2023-03-21,2.5147420229332966,2.0117936183466374,0.00201
2023-03-22,2.298300106949217,1.8386400855593736,0.00184
2023-03-23,0.9044178067405095,0.7235342453924076,0.00072
2023-03-24,2.0718151697118596,1.6574521357694878,0.00166
2023-03-25,2.4887429689341456,1.9909943751473165,0.00199
2023-03-26,2.1218968076442173,1.697517446115374,0.0017
2023-03-27,1.8924315865552197,1.513945269244176,0.00151
2023-03-28,1.6104648865533822,1.2883719092427057,0.00129
2023-03-29,0.5902862732329773,0.4722290185863819,0.00047
2023-03-30,1.1537202210494835,0.9229761768395868,0.00092
2023-03-31,2.173757384051911,1.7390059072415287,0.00174
2023-04-01,3.8421079990498552,3.073686399239884,0.00307
2023-04-02,1.604186389393068,1.2833491115144544,0.00128
2023-04-03,2.5748149217281795,2.0598519373825437,0.00206
2023-04-04,1.9290070427074262,1.543205634165941,0.00154
2023-04-05,1.4628370030691344,1.1702696024553076,0.00117
2023-04-06,1.7632180314854955,1.4105744251883965,0.00141
2023-04-07,1.2893494629541191,1.0314795703632953,0.00103
2023-04-08,3.0692349907669585,2.455387992613567,0.00246
2023-04-09,2.9759829551903985,2.380786364152319,0.00238
2023-04-10,1.2793950100941012,1.023516008075281,0.00102
2023-04-11,1.7835004612267515,1.4268003689814013,0.00143
2023-04-12,1.453457847914377,1.1627662783315016,0.00116
2023-04-13,1.461816609613343,1.1694532876906745,0.00117
2023-04-14,3.3485438936190093,2.6788351148952074,0.00268
2023-04-15,4.289280278359324,3.4314242226874594,0.00343
2023-04-16,3.3374534952956023,2.669962796236482,0.00267
2023-04-17,2.3467244397204303,1.8773795517763443,0.00188
2023-04-18,2.7303488051484313,2.184279044118745,0.00218
2023-04-19,1.9428606817552325,1.5542885454041862,0.00155
2023-04-20,1.261101277648586,1.0088810221188689,0.00101
2023-04-21,2.2023007300394415,1.7618405840315532,0.00176
2023-04-22,2.927350701703477,2.3418805613627818,0.00234
2023-04-23,2.4141869451987246,1.9313495561589797,0.00193
2023-04-24,2.1573280068817926,1.7258624055054341,0.00173
2023-04-25,4.153339992071988,3.3226719936575906,0.00332
2023-04-26,2.4201371567823022,1.936109725425842,0.00194
2023-04-27,1.250313883705226,1.0002511069641808,0.001
2023-04-28,1.1602324577318592,0.9281859661854874,0.00093
2023-04-29,1.857240330939283,1.4857922647514266,0.00149
2023-04-30,2.003311886779617,1.6026495094236937,0.0016
2023-05-01,3.7351050934486114,2.9880840747588895,0.00299
2023-05-02,3.4547440773152585,2.763795261852207,0.00276
2023-05-03,4.7983905143760985,3.838712411500879,0.00384
2023-05-04,4.696597689784936,3.757278151827949,0.00376
2023-05-05,3.4146276386137875,2.73170211089103,0.00273
2023-05-06,4.248204123746096,3.3985632989968773,0.0034
2023-05-07,1.5501083428326747,1.2400866742661398,0.00124
2023-05-08,3.056273961770758,2.445019169416607,0.00245
2023-05-09,3.189285406261432,2.551428325009146,0.00255
2023-05-10,2.88149081249029,2.305192649992232,0.00231
2023-05-11,1.8512824506686016,1.4810259605348814,0.00148
2023-05-12,2.5523673307163377,2.0418938645730704,0.00204
2023-05-13,1.7887441735393643,1.4309953388314915,0.00143
2023-05-14,3.1087429170947836,2.486994333675827,0.00249
2023-05-15,5.219418338467247,4.175534670773798,0.00418
2023-05-16,6.328147002339361,5.062517601871489,0.00506
2023-05-17,2.7763831631672637,2.221106530533811,0.00222
2023-05-18,1.5835058961543145,1.2668047169234518,0.00127
2023-05-19,2.154885307245201,1.723908245796161,0.00172
2023-05-20,2.141276103963003,1.7130208831704026,0.00171
2023-05-21,3.4919594274669348,2.793567541973548,0.00279
2023-05-22,3.229639421745865,2.583711537396692,0.00258
2023-05-23,1.8129298633749373,1.45034389069995,0.00145
2023-05-24,2.3825952769000747,1.9060762215200597,0.00191
2023-05-25,3.405217052903041,2.724173642322433,0.00272
2023-05-26,2.796482410431749,2.2371859283453994,0.00224
2023-05-27,3.3947435712197747,2.71579485697582,0.00272
2023-05-28,3.619854485725378,2.8958835885803023,0.0029
2023-05-29,2.7418878006410776,2.1935102405128624,0.00219
2023-05-30,1.8948872507800583,1.5159098006240468,0.00152
2023-05-31,2.958801785599861,2.367041428479889,0.00237
2023-06-01,3.536744668753792,2.829395735003034,0.00283
2023-06-02,2.91371972409596,2.330975779276768,0.00233
2023-06-03,2.459862338284801,1.9678898706278407,0.00197
2023-06-04,1.873478735544633,1.4987829884357065,0.0015
2023-06-05,2.5601792672262236,2.048143413780979,0.00205
2023-06-06,2.962837216963598,2.3702697735708784,0.00237
2023-06-07,5.108271711204474,4.086617368963579,0.00409
2023-06-08,6.804987678688608,5.443990142950887,0.00544
2023-06-09,4.946956036419636,3.957564829135709,0.00396
2023-06-10,4.7938594783531085,3.835087582682487,0.00384
2023-06-11,3.5799547039546376,2.86396376316371,0.00286
2023-06-12,3.581606923449518,2.865285538759615,0.00287
2023-06-13,2.982916459787721,2.386333167830177,0.00239
2023-06-14,4.036926106274529,3.2295408850196234,0.00323
2023-06-15,4.996356211355568,3.9970849690844545,0.004
2023-06-16,6.461725214151567,5.169380171321254,0.00517
2023-06-17,5.044406996581352,4.035525597265082,0.00404
2023-06-18,3.9726094867443367,3.1780875893954694,0.00318
2023-06-19,2.823256664496374,2.2586053315970993,0.00226
2023-06-20,2.5224064580010475,2.017925166400838,0.00202
2023-06-21,3.8238019575817375,3.0590415660653902,0.00306
2023-06-22,3.742710243035558,2.994168194428447,0.00299
2023-06-23,5.558238736131437,4.446590988905149,0.00445
2023-06-24,6.7408020531769415,5.3926416425415535,0.00539
2023-06-25,8.505268336151317,6.8042146689210545,0.0068
2023-06-26,7.235876726567802,5.788701381254242,0.00579
2023-06-27,4.399879415505558,3.519903532404447,0.00352
2023-06-28,5.1224656383743055,4.097972510699445,0.0041
2023-06-29,4.203491467521165,3.3627931740169323,0.00336
2023-06-30,4.831992860617621,3.8655942884940973,0.00387
2023-07-01,6.268754248588091,5.015003398870473,0.00502
2023-07-02,9.012280664539778,7.209824531631823,0.00721
2023-07-03,11.380506489831337,9.10440519186507,0.0091
2023-07-04,7.610073176445626,6.088058541156501,0.00609
2023-07-05,8.599763524709658,6.879810819767727,0.00688
2023-07-06,7.770163321887376,6.2161306575099005,0.00622
2023-07-07,6.0430142992916736,4.834411439433339,0.00483
2023-07-08,4.918873962153546,3.935099169722837,0.00394
2023-07-09,3.294390088481408,2.6355120707851265,0.00264
2023-07-10,3.2923432555030985,2.633874604402479,0.00263
2023-07-11,4.381647822181961,3.505318257745569,0.00351
2023-07-12,6.8071900297612205,5.445752023808977,0.00545
2023-07-13,6.907143246214663,5.525714596971731,0.00553
2023-07-14,11.204276109727171,8.963420887781737,0.00896
2023-07-15,7.266017756276921,5.812814205021537,0.00581
2023-07-16,6.884564148132455,5.507651318505964,0.00551
2023-07-17,7.9026425362802994,6.32211402902424,0.00632
2023-07-18,8.352862235852507,6.682289788682006,0.00668
2023-07-19,8.566694464720419,6.853355571776335,0.00685
2023-07-20,8.852782501184281,7.082226000947426,0.00708
2023-07-21,12.616870546653322,10.093496437322658,0.01009
2023-07-22,9.523697360805915,7.618957888644733,0.00762
2023-07-23,9.539962989025335,7.6319703912202685,0.00763
2023-07-24,7.289420173394414,5.831536138715531,0.00583
2023-07-25,6.769852402651943,5.415881922121555,0.00542
2023-07-26,10.028759797583476,8.02300783806678,0.00802
2023-07-27,12.287675388241789,9.830140310593432,0.00983
2023-07-28,6.331631362480964,5.065305089984772,0.00507
2023-07-29,9.411414080969108,7.529131264775287,0.00753
2023-07-30,8.105272766767921,6.484218213414337,0.00648
2023-07-31,9.09648544945355,7.27718835956284,0.00728
2023-08-01,9.753016179025815,7.802412943220652,0.0078
2023-08-02,7.2617516117947485,5.809401289435799,0.00581
2023-08-03,9.72115688098418,7.776925504787345,0.00778
2023-08-04,9.32541151915802,7.460329215326417,0.00746
2023-08-05,11.247068723741208,8.997654978992967,0.009
2023-08-06,13.192630237939449,10.554104190351559,0.01055
2023-08-07,10.434256363399559,8.347405090719647,0.00835
2023-08-08,7.7310909444932,6.184872755594561,0.00618
2023-08-09,8.559169994547725,6.84733599563818,0.00685
2023-08-10,8.48067626856068,6.7845410148485445,0.00678
2023-08-11,6.07398172565183,4.859185380521464,0.00486
2023-08-12,7.23162087851866,5.785296702814929,0.00579
2023-08-13,9.988680110395444,7.990944088316356,0.00799
2023-08-14,12.187366173437638,9.749892938750111,0.00975
2023-08-15,18.42083252843383,14.736666022747066,0.01474
2023-08-16,17.043079495189513,13.634463596151612,0.01363
2023-08-17,15.464885058962542,12.371908047170034,0.01237
2023-08-18,12.107408238307789,9.685926590646233,0.00969
2023-08-19,10.96535504989536,8.772284039916288,0.00877
2023-08-20,11.59015363119703,9.272122904957625,0.00927
2023-08-21,9.995962272943684,7.996769818354948,0.008
2023-08-22,13.330944941546509,10.664755953237208,0.01066
2023-08-23,10.20455006169904,8.163640049359232,0.00816
2023-08-24,11.425741632314654,9.140593305851723,0.00914
2023-08-25,6.855800783860443,5.484640627088354,0.00548
2023-08-26,10.507119599136342,8.405695679309074,0.00841
2023-08-27,8.361193154492168,6.688954523593735,0.00669
2023-08-28,8.306204198290173,6.644963358632139,0.00664
2023-08-29,9.353339842368188,7.48267187389455,0.00748
2023-08-30,11.223025020911201,8.978420016728961,0.00898
2023-08-31,13.353626642809875,10.6829013142479,0.01068
2023-09-01,7.655349514033329,6.1242796112266635,0.00612
2023-09-02,7.704368140167015,6.163494512133613,0.00616
2023-09-03,2.218977043572015,1.7751816348576122,0.00178
2023-09-04,2.174564253880279,1.7396514031042234,0.00174
2023-09-05,4.013768993667656,3.2110151949341255,0.00321
2023-09-06,5.856796710532265,4.685437368425812,0.00469
2023-09-07,4.121630622323357,3.297304497858686,0.0033
2023-09-08,3.521071772826212,2.8168574182609696,0.00282
2023-09-09,5.227984120539881,4.182387296431905,0.00418
2023-09-10,7.431927586112918,5.945542068890335,0.00595
2023-09-11,4.350958857992157,3.4807670863937257,0.00348
2023-09-12,5.5386709914509655,4.430936793160773,0.00443
2023-09-13,5.221988414869381,4.1775907318955054,0.00418
2023-09-14,6.338155327283977,5.070524261827182,0.00507
2023-09-15,6.914436386118464,5.5315491088947715,0.00553
2023-09-16,8.351150664439519,6.680920531551616,0.00668
2023-09-17,5.719905049731369,4.575924039785096,0.00458
2023-09-18,4.847577008654926,3.878061606923941,0.00388
2023-09-19,5.261105320198905,4.208884256159124,0.00421
2023-09-20,8.483162998156253,6.786530398525002,0.00679
2023-09-21,9.542129580881285,7.6337036647050285,0.00763
2023-09-22,10.312568253622633,8.250054602898107,0.00825
2023-09-23,8.609597547452589,6.887678037962072,0.00689
2023-09-24,8.7367524736373,6.989401978909839,0.00699
2023-09-25,8.800321988240723,7.040257590592579,0.00704
2023-09-26,6.7381947331971626,5.39055578655773,0.00539
2023-09-27,6.418041926022113,5.134433540817691,0.00513
2023-09-28,5.862277147660892,4.689821718128714,0.00469
2023-09-29,4.451597179700264,3.5612777437602112,0.00356
2023-09-30,4.042508195130125,3.2340065561041005,0.00323
2023-10-01,1.9377727814994585,1.5502182251995669,0.00155
2023-10-02,2.0762961905601114,1.6610369524480892,0.00166
2023-10-03,2.3551607787620994,1.8841286230096796,0.00188
2023-10-04,3.7282673052550876,2.9826138442040704,0.00298
2023-10-05,3.3753091134206583,2.700247290736527,0.0027
2023-10-06,6.099513576130982,4.879610860904786,0.00488
2023-10-07,4.006214158683494,3.2049713269467954,0.0032
2023-10-08,5.076845466758499,4.0614763734068,0.00406
2023-10-09,4.31034900959844,3.448279207678752,0.00345
2023-10-10,4.193680142117107,3.3549441136936857,0.00335
2023-10-11,2.28338170899597,1.826705367196776,0.00183
2023-10-12,2.211529976079431,1.769223980863545,0.00177
2023-10-13,4.779999437487299,3.823999549989839,0.00382
2023-10-14,6.148685597822902,4.918948478258322,0.00492
2023-10-15,5.0589570735171465,4.047165658813717,0.00405
2023-10-16,3.8643232946812893,3.0914586357450315,0.00309
2023-10-17,1.7499528360069703,1.3999622688055764,0.0014
2023-10-18,1.2793621867989713,1.023489749439177,0.00102
2023-10-19,1.0861332463476503,0.8689065970781202,0.00087
2023-10-20,2.0572592072096465,1.6458073657677172,0.00165
2023-10-21,4.157314598562624,3.3258516788500994,0.00333
2023-10-22,5.229545396756603,4.183636317405282,0.00418
2023-10-23,6.70144205222187,5.361153641777496,0.00536
2023-10-24,7.386707930754733,5.909366344603787,0.00591
2023-10-25,4.7153448047391295,3.772275843791304,0.00377
2023-10-26,6.658119168165268,5.326495334532215,0.00533
2023-10-27,5.709315390722013,4.56745231257761,0.00457
2023-10-28,5.933505409826114,4.746804327860891,0.00475
2023-10-29,4.238572662576365,3.3908581300610923,0.00339
2023-10-30,3.870120219931576,3.096096175945261,0.0031
2023-10-31,3.926428412579933,3.1411427300639465,0.00314
2023-11-01,3.6444240220599995,2.915539217648,0.00292
2023-11-02,1.9369784016354963,1.549582721308397,0.00155
2023-11-03,2.636155145646706,2.1089241165173647,0.00211
2023-11-04,2.430709544560905,1.944567635648724,0.00194
2023-11-05,7.221682866282622,5.777346293026098,0.00578
2023-11-06,3.3603895238546624,2.68831161908373,0.00269
2023-11-07,3.2589307990400194,2.6071446392320157,0.00261
2023-11-08,2.936817558699504,2.3494540469596035,0.00235
2023-11-09,2.114662295994785,1.6917298367958282,0.00169
2023-11-10,1.3162836600159868,1.0530269280127895,0.00105
2023-11-11,1.8142744237956796,1.4514195390365439,0.00145
2023-11-12,1.3083637857094979,1.0466910285675983,0.00105
2023-11-13,0.9758586082816811,0.7806868866253449,0.00078
2023-11-14,1.1722671512771543,0.9378137210217234,0.00094
2023-11-15,1.2365591639867686,0.9892473311894149,0.00099
2023-11-16,0.6410060727403467,0.5128048581922774,0.00051
2023-11-17,0.6051394079605886,0.48411152636847093,0.00048
2023-11-18,0.8721784121345173,0.6977427297076139,0.0007
2023-11-19,0.7804451153374491,0.6243560922699594,0.00062
2023-11-20,0.9145061010934331,0.7316048808747465,0.00073
2023-11-21,0.9192305844991777,0.7353844675993422,0.00074
2023-11-22,1.6763445309568241,1.3410756247654594,0.00134
2023-11-23,1.2992074542048264,1.0393659633638612,0.00104
2023-11-24,0.6093012550183511,0.4874410040146809,0.00049
2023-11-25,1.0280198782134682,0.8224159025707746,0.00082
2023-11-26,1.169271397651772,0.9354171181214176,0.00094
2023-11-27,0.8081837155529691,0.6465469724423754,0.00065
2023-11-28,1.1284251434446366,0.9027401147557094,0.0009
2023-11-29,2.187646577859612,1.7501172622876897,0.00175
2023-11-30,1.1275325915955472,0.9020260732764378,0.0009
2023-12-01,1.5922059982701422,1.2737647986161138,0.00127
2023-12-02,1.459416783832308,1.1675334270658464,0.00117
2023-12-03,1.3738473818461905,1.0990779054769524,0.0011
2023-12-04,1.1595372368622865,0.9276297894898292,0.00093
2023-12-05,0.8611855239633256,0.6889484191706605,0.00069
2023-12-06,0.9665924057040669,0.7732739245632536,0.00077
2023-12-07,0.6855610574550308,0.5484488459640247,0.00055
2023-12-08,0.7438291336095928,0.5950633068876743,0.0006
2023-12-09,0.4012647812787612,0.32101182502300896,0.00032
2023-12-10,0.675923638878958,0.5407389111031664,0.00054
2023-12-11,0.9020277517490887,0.721622201399271,0.00072
2023-12-12,0.34898179854663236,0.2791854388373059,0.00028
2023-12-13,0.7385269263525086,0.5908215410820069,0.00059
2023-12-14,1.278098872289241,1.022479097831393,0.00102
2023-12-15,1.4808276134655851,1.184662090772468,0.00118
2023-12-16,0.9639524264266971,0.7711619411413577,0.00077
2023-12-17,0.6509136246158868,0.5207308996927095,0.00052
2023-12-18,1.206585196490184,0.9652681571921472,0.00097
2023-12-19,1.4979119740442564,1.1983295792354052,0.0012
2023-12-20,1.0208306398653186,0.816664511892255,0.00082
2023-12-21,0.773693847887729,0.6189550783101833,0.00062
2023-12-22,0.7098706409071117,0.5678965127256894,0.00057
2023-12-23,0.864318149685068,0.6914545197480545,0.00069
2023-12-24,1.1834322400144983,0.9467457920115987,0.00095
2023-12-25,1.453596686356324,1.1628773490850592,0.00116
2023-12-26,1.7459710442189709,1.3967768353751768,0.0014
2023-12-27,1.2691306535535833,1.0153045228428668,0.00102
2023-12-28,1.1085199154548728,0.8868159323638983,0.00089
2023-12-29,0.8115009950809519,0.6492007960647616,0.00065
2023-12-30,0.8100229072562847,0.6480183258050278,0.00065
2023-12-31,0.8950193283900727,0.7160154627120582,0.00072
2024-01-01,0.6593161380816179,0.5274529104652944,0.00053
2024-01-02,0.5356130353310053,0.4284904282648043,0.00043
2024-01-03,0.9750341239084558,0.7800272991267647,0.00078
2024-01-04,1.0877270303594007,0.8701816242875205,0.00087
2024-01-05,0.9442077296233709,0.7553661836986967,0.00076
2024-01-06,1.328376198115399,1.0627009584923193,0.00106
2024-01-07,1.4081603023000746,1.1265282418400597,0.00113
2024-01-08,0.7132600922885661,0.5706080738308529,0.00057
2024-01-09,0.887578125797797,0.7100625006382377,0.00071
2024-01-10,0.4745683958556828,0.37965471668454626,0.00038
2024-01-11,0.8538119314781096,0.6830495451824877,0.00068
2024-01-12,0.6665956887634766,0.5332765510107813,0.00053
2024-01-13,0.8599858911022638,0.6879887128818111,0.00069
2024-01-14,1.1904228516211193,0.9523382812968955,0.00095
2024-01-15,1.026816000329373,0.8214528002634984,0.00082
2024-01-16,0.6430750241421727,0.5144600193137382,0.00051
2024-01-17,0.7262554347428806,0.5810043477943044,0.00058
2024-01-18,0.422464189088983,0.3379713512711864,0.00034
2024-01-19,0.8709706721603357,0.6967765377282686,0.0007
2024-01-20,0.9796272652555856,0.7837018122044686,0.00078
2024-01-21,0.6110011663609941,0.4888009330887953,0.00049
2024-01-22,1.1724120033633167,0.9379296026906534,0.00094
2024-01-23,1.166589064578526,0.9332712516628208,0.00093
2024-01-24,1.4043172225731204,1.1234537780584963,0.00112
2024-01-25,0.9859261103024973,0.788740888241998,0.00079
2024-01-26,0.7088579598312785,0.5670863678650229,0.00057
2024-01-27,0.6039790212485604,0.48318321699884836,0.00048
2024-01-28,0.9101414484350085,0.7281131587480069,0.00073
2024-01-29,0.9156083772180372,0.7324867017744299,0.00073
2024-01-30,1.1403099476146858,0.9122479580917487,0.00091
